City_ID,City,Country,Date,Lat,Lng,Max Temp,Humidity,Cloudiness,Wind Speed
0,Butaritari,KI,2022-05-05 22:52:41,3.0707,172.7902,82.0,70,63,19.75
1,Avarua,CK,2022-05-05 22:52:41,-21.2078,-159.775,82.45,74,20,5.75
2,The Valley,AI,2022-05-05 22:52:42,18.217,-63.0578,80.74,69,20,12.66
3,Dauphin,CA,2022-05-05 22:52:42,51.1494,-100.0502,69.94,37,0,14.97
4,Mitsamiouli,KM,2022-05-05 22:51:14,-11.3847,43.2844,80.4,73,4,6.02
5,Presidencia Roque Saenz Pena,AR,2022-05-05 22:52:43,-26.7852,-60.4388,63.43,84,66,6.6
6,Cape Town,ZA,2022-05-05 22:48:06,-33.9258,18.4232,58.12,93,8,4.61
7,Port Alfred,ZA,2022-05-05 22:52:43,-33.5906,26.891,71.31,45,1,7.56
8,Qaanaaq,GL,2022-05-05 22:52:44,77.484,-69.3632,15.3,81,5,5.88
9,Yeniseysk,RU,2022-05-05 22:52:45,58.4497,92.1703,38.66,71,100,4.5
10,Kapaa,US,2022-05-05 22:48:33,22.0752,-159.319,80.58,77,100,12.66
11,Carnarvon,AU,2022-05-05 22:52:45,-24.8667,113.6333,60.87,51,0,9.22
12,Sovetskiy,RU,2022-05-05 22:52:46,61.3614,63.5842,31.01,89,100,12.68
13,Pajapan,MX,2022-05-05 22:52:46,18.25,-94.7,88.95,55,80,6.51
14,Oia,PT,2022-05-05 22:52:47,40.5426,-8.5386,58.37,85,1,1.23
15,Busselton,AU,2022-05-05 22:52:47,-33.65,115.3333,53.01,67,0,12.12
16,Saint-Pierre,RE,2022-05-05 22:52:48,-21.3393,55.4781,74.88,83,20,27.63
17,Hilo,US,2022-05-05 22:52:22,19.7297,-155.09,84.27,91,100,6.91
18,Talnakh,RU,2022-05-05 22:52:48,69.4865,88.3972,15.21,92,99,10.07
19,Bluff,NZ,2022-05-05 22:52:49,-46.6,168.3333,56.77,78,79,7.0
20,Ushuaia,AR,2022-05-05 22:51:38,-54.8,-68.3,46.06,66,75,2.3
21,Barrow,US,2022-05-05 22:52:50,71.2906,-156.7887,15.82,79,100,14.97
22,Hermanus,ZA,2022-05-05 22:52:50,-34.4187,19.2345,59.52,94,8,7.83
23,Roberval,CA,2022-05-05 22:52:51,48.5168,-72.2324,48.83,23,75,13.8
24,Khatanga,RU,2022-05-05 22:52:51,71.9667,102.5,20.62,87,48,13.73
25,Hithadhoo,MV,2022-05-05 22:52:52,-0.6,73.0833,84.07,73,100,15.1
26,East London,ZA,2022-05-05 22:52:52,-33.0153,27.9116,70.93,42,0,4.97
27,Vaini,TO,2022-05-05 22:52:53,-21.2,-175.2,80.76,78,40,3.44
28,Namibe,AO,2022-05-05 22:52:53,-15.1961,12.1522,78.84,52,2,2.01
29,Port Elizabeth,ZA,2022-05-05 22:52:54,-33.918,25.5701,64.31,56,0,6.91
30,Gijon,ES,2022-05-05 22:52:54,43.5357,-5.6615,55.0,92,10,1.01
31,Dale,US,2022-05-05 22:52:55,38.1689,-86.99,65.98,94,100,3.44
32,Bambous Virieux,MU,2022-05-05 22:52:55,-20.3428,57.7575,76.21,88,75,17.27
33,Tumsar,IN,2022-05-05 22:52:55,21.3833,79.7333,84.2,20,0,4.45
34,Saskylakh,RU,2022-05-05 22:52:56,71.9167,114.0833,25.2,86,100,15.14
35,Bindi,SL,2022-05-05 22:52:56,9.9167,-11.45,76.59,69,19,2.89
36,Chokurdakh,RU,2022-05-05 22:52:57,70.6333,147.9167,24.87,93,100,8.46
37,Narsaq,GL,2022-05-05 22:52:57,60.9167,-46.05,33.04,89,100,10.07
38,Hambantota,LK,2022-05-05 22:52:58,6.1241,81.1185,80.65,83,97,16.35
39,Mareeba,AU,2022-05-05 22:52:59,-17.0,145.4333,75.49,83,32,2.89
40,Iberia,US,2022-05-05 22:52:59,29.9502,-91.7507,85.05,69,100,14.97
41,Saint George,US,2022-05-05 22:53:00,37.1041,-113.5841,90.63,14,0,11.5
42,Kodiak,US,2022-05-05 22:53:00,57.79,-152.4072,44.11,81,100,17.27
43,Rikitea,PF,2022-05-05 22:53:01,-23.1203,-134.9692,78.28,82,34,16.42
44,Agropoli,IT,2022-05-05 22:53:01,40.3469,14.9966,68.43,66,98,2.08
45,Mataura,NZ,2022-05-05 22:53:02,-46.1927,168.8643,59.7,66,58,2.46
46,Mao,ES,2022-05-05 22:54:02,39.8885,4.2658,61.36,72,0,12.66
47,Yellowknife,CA,2022-05-05 22:54:03,62.456,-114.3525,55.92,47,75,10.36
48,Vilyuysk,RU,2022-05-05 22:54:03,63.7553,121.6247,31.05,94,100,2.3
49,Cap Malheureux,MU,2022-05-05 22:54:04,-19.9842,57.6142,76.46,80,12,8.99
50,Marsa Matruh,EG,2022-05-05 22:54:04,31.3525,27.2453,62.8,82,0,9.22
51,Lebu,CL,2022-05-05 22:54:05,-37.6167,-73.65,53.92,83,27,5.95
52,Daman,IN,2022-05-05 22:54:06,20.4167,72.85,81.68,78,0,5.95
53,Coquimbo,CL,2022-05-05 22:54:06,-29.9533,-71.3436,58.08,86,87,4.52
54,Bethel,US,2022-05-05 22:54:07,41.3712,-73.414,69.67,43,100,5.01
55,Albany,US,2022-05-05 22:51:35,42.6001,-73.9662,63.66,61,100,3.85
56,Neuquen,AR,2022-05-05 22:51:53,-38.9516,-68.0591,60.69,55,0,0.0
57,Palora,EC,2022-05-05 22:54:08,-1.7,-77.9333,68.11,99,100,1.12
58,Cerrito,CO,2022-05-05 22:54:08,6.8432,-72.694,55.51,93,100,3.24
59,Guerrero Negro,MX,2022-05-05 22:54:09,27.9769,-114.0611,68.65,64,2,17.0
60,Tual,ID,2022-05-05 22:54:09,-5.6667,132.75,84.92,71,77,15.3
61,Manokwari,ID,2022-05-05 22:47:47,-0.8667,134.0833,81.41,77,92,0.29
62,Lorengau,PG,2022-05-05 22:54:10,-2.0226,147.2712,83.07,82,67,6.24
63,Zharkent,KZ,2022-05-05 22:54:11,44.1628,80.0,61.63,78,100,5.23
64,Schoneiche,DE,2022-05-05 22:54:11,52.4667,13.6833,54.05,72,0,8.05
65,Touros,BR,2022-05-05 22:51:04,-5.1989,-35.4608,76.77,91,100,9.15
66,Bathsheba,BB,2022-05-05 22:54:12,13.2167,-59.5167,81.21,78,20,17.27
67,Dniprorudne,UA,2022-05-05 22:54:12,47.3817,34.9765,51.96,54,91,17.38
68,Paita,PE,2022-05-05 22:54:13,-5.0892,-81.1144,68.2,80,91,15.21
69,Baiyin,CN,2022-05-05 22:54:13,36.5583,104.2081,59.77,44,13,8.81
70,Terra Santa,BR,2022-05-05 22:54:14,-2.1042,-56.4869,77.74,88,24,3.13
71,Saint-Philippe,RE,2022-05-05 22:54:14,-21.3585,55.7679,74.79,86,72,14.81
72,Cidreira,BR,2022-05-05 22:54:15,-30.1811,-50.2056,63.5,70,40,6.67
73,Berekum,GH,2022-05-05 22:54:15,7.4534,-2.584,75.33,78,9,3.6
74,Mar Del Plata,AR,2022-05-05 22:52:00,-38.0023,-57.5575,63.88,70,0,10.36
75,Kununurra,AU,2022-05-05 22:54:16,-15.7667,128.7333,76.98,36,6,8.05
76,Clyde River,CA,2022-05-05 22:54:17,70.4692,-68.5914,25.03,68,0,3.44
77,Marshall,US,2022-05-05 22:54:17,34.3834,-86.3333,85.12,53,0,11.5
78,Hobart,AU,2022-05-05 22:54:18,-42.8794,147.3294,49.86,96,75,6.91
79,Atuona,PF,2022-05-05 22:54:18,-9.8,-139.0333,79.14,78,100,14.92
80,Cuiluan,CN,2022-05-05 22:54:19,47.72,128.648,40.66,96,100,11.1
81,Jamestown,US,2022-05-05 22:52:26,42.097,-79.2353,62.24,55,0,5.75
82,Nome,US,2022-05-05 22:54:19,64.5011,-165.4064,39.16,74,24,7.29
83,Awjilah,LY,2022-05-05 22:54:20,29.1081,21.2869,72.48,26,2,10.09
84,Victoria,HK,2022-05-05 22:52:49,22.2855,114.1577,75.38,84,26,8.99
85,Puerto Ayora,EC,2022-05-05 22:53:21,-0.7393,-90.3518,75.16,90,100,8.23
86,Olafsvik,IS,2022-05-05 22:54:21,64.8945,-23.7142,37.58,75,81,18.25
87,Provideniya,RU,2022-05-05 22:54:21,64.3833,-173.3,30.36,80,75,4.47
88,Ankola,IN,2022-05-05 22:54:22,14.6667,74.3,80.4,81,55,4.74
89,Qingdao,CN,2022-05-05 22:54:22,36.0986,120.3719,60.4,94,50,13.42
90,Shchors,UA,2022-05-05 22:54:23,51.8186,31.945,39.6,72,69,5.5
91,New Norfolk,AU,2022-05-05 22:54:23,-42.7826,147.0587,49.5,89,97,1.01
92,Craigieburn,AU,2022-05-05 22:54:24,-37.6,144.95,48.2,81,40,13.8
93,Bredasdorp,ZA,2022-05-05 22:55:24,-34.5322,20.0403,57.15,94,13,4.32
94,Fairbanks,US,2022-05-05 22:55:25,64.8378,-147.7164,53.94,63,75,8.05
95,Tottori,JP,2022-05-05 22:52:02,35.5,134.2333,66.27,63,20,12.66
96,Adrar,MR,2022-05-05 22:55:25,20.5022,-10.0711,82.58,17,72,11.52
97,Thinadhoo,MV,2022-05-05 22:55:26,0.5333,72.9333,83.3,76,82,11.97
98,Ojinaga,MX,2022-05-05 22:52:25,29.5667,-104.4167,93.58,14,0,8.05
99,Mount Gambier,AU,2022-05-05 22:55:27,-37.8333,140.7667,44.51,100,40,5.75
100,Barao De Melgaco,BR,2022-05-05 22:55:27,-16.1944,-55.9675,66.13,44,2,3.09
101,Terrace,CA,2022-05-05 22:55:28,54.5163,-128.6035,51.71,57,75,6.91
102,Khor,RU,2022-05-05 22:55:28,47.8861,134.9464,60.31,60,100,15.73
103,Sibu,MY,2022-05-05 22:55:29,2.3,111.8167,75.51,100,40,0.0
104,Andros,GR,2022-05-05 22:55:29,37.8333,24.9333,61.36,66,2,7.72
105,Ribeira Grande,PT,2022-05-05 22:55:30,38.5167,-28.7,63.66,84,98,26.64
106,Boa Vista,BR,2022-05-05 22:55:10,2.8197,-60.6733,78.78,83,75,1.14
107,Vila Velha,BR,2022-05-05 22:55:30,-20.3297,-40.2925,78.75,89,75,4.61
108,Port Lincoln,AU,2022-05-05 22:55:31,-34.7333,135.8667,57.16,54,95,8.63
109,Winnemucca,US,2022-05-05 22:55:31,40.973,-117.7357,75.25,15,0,26.46
110,Piedade,BR,2022-05-05 22:55:32,-23.7119,-47.4278,58.15,93,95,5.97
111,Airai,TL,2022-05-05 22:55:33,-8.9266,125.4092,64.17,84,44,2.84
112,Cockburn Town,TC,2022-05-05 22:50:34,21.4612,-71.1419,80.56,69,40,17.27
113,Iqaluit,CA,2022-05-05 22:55:33,63.7506,-68.5145,19.13,73,20,19.57
114,Norman Wells,CA,2022-05-05 22:55:34,65.282,-126.8329,39.24,60,75,16.11
115,Tiksi,RU,2022-05-05 22:55:34,71.6872,128.8694,14.36,90,52,5.17
116,Chupa,RU,2022-05-05 22:55:35,66.27,33.0549,35.35,98,100,8.34
117,Maiduguri,NG,2022-05-05 22:55:35,11.8464,13.1603,91.6,19,88,5.14
118,Iquique,CL,2022-05-05 22:55:36,-20.2208,-70.1431,64.44,82,42,5.99
119,Faya,SA,2022-05-05 22:55:37,18.3851,42.4509,68.11,38,50,3.24
120,Marsh Harbour,BS,2022-05-05 22:55:37,26.5412,-77.0636,77.41,71,10,4.18
121,Saldanha,ZA,2022-05-05 22:55:38,-33.0117,17.9442,55.45,95,40,6.69
122,Pangnirtung,CA,2022-05-05 22:55:38,66.1451,-65.7125,14.0,85,0,3.44
123,Port Hardy,CA,2022-05-05 22:54:58,50.6996,-127.4199,46.58,87,100,8.05
124,Labelle,US,2022-05-05 22:55:39,26.7617,-81.4384,89.67,48,48,6.71
125,Sitka,US,2022-05-05 22:55:39,57.0531,-135.33,44.49,76,100,4.61
126,Zapolyarnyy,RU,2022-05-05 22:55:40,69.4154,30.8136,31.28,98,99,6.73
127,Dikson,RU,2022-05-05 22:55:40,73.5069,80.5464,17.47,93,100,23.51
128,Rawson,AR,2022-05-05 22:55:41,-43.3002,-65.1023,61.11,52,64,9.84
129,San Fernando,PH,2022-05-05 22:55:41,15.0286,120.6898,80.33,69,27,3.78
130,Japura,ID,2022-05-05 22:55:42,-0.3167,102.35,73.9,96,100,1.79
131,Nieuw Amsterdam,SR,2022-05-05 22:55:42,5.8833,-55.0833,84.22,80,20,6.91
132,Ilulissat,GL,2022-05-05 22:55:43,69.2167,-51.1,11.07,79,0,4.5
133,Pevek,RU,2022-05-05 22:55:43,69.7008,170.3133,28.09,91,99,6.69
134,Upata,VE,2022-05-05 22:55:44,8.0086,-62.3989,76.19,84,90,5.01
135,Taveta,KE,2022-05-05 22:55:44,-3.3963,37.6736,68.25,90,78,3.29
136,Springbok,ZA,2022-05-05 22:55:45,-29.6643,17.8865,59.99,40,0,3.56
137,Richards Bay,ZA,2022-05-05 22:55:45,-28.783,32.0377,65.43,94,1,7.14
138,Charapan,MX,2022-05-05 22:56:47,19.6667,-102.2333,77.65,23,49,7.27
139,Kongoussi,BF,2022-05-05 22:56:47,13.3258,-1.5347,92.16,10,95,2.93
140,Zhezkazgan,KZ,2022-05-05 22:56:48,47.8043,67.7144,56.23,64,1,6.49
141,Wanning,CN,2022-05-05 22:56:49,18.8003,110.3967,76.77,91,77,4.25
142,Te Anau,NZ,2022-05-05 22:56:49,-45.4167,167.7167,58.19,75,39,2.44
143,Nassau,US,2022-05-05 22:56:50,40.7507,-73.5829,71.15,61,100,4.0
144,Lanzhou,CN,2022-05-05 22:56:51,36.0564,103.7922,65.12,39,14,3.85
145,Caravelas,BR,2022-05-05 22:56:51,-17.7125,-39.2481,79.54,82,0,12.53
146,Kaitangata,NZ,2022-05-05 22:56:52,-46.2817,169.8464,59.36,68,92,2.68
147,Vao,NC,2022-05-05 22:56:53,-22.6667,167.4833,75.31,77,8,21.09
148,Tautira,PF,2022-05-05 22:56:53,-17.7333,-149.15,81.21,78,86,11.12
149,Matay,EG,2022-05-05 22:56:54,28.419,30.7792,63.09,51,0,13.87
150,Taremskoye,RU,2022-05-05 22:56:55,55.9289,43.0443,31.82,63,1,5.3
151,Georgetown,MY,2022-05-05 22:53:19,5.4112,100.3354,82.33,93,20,3.44
152,Khovu-Aksy,RU,2022-05-05 22:56:56,51.1333,93.6,39.61,46,82,1.28
153,Mackay,AU,2022-05-05 22:56:56,-21.15,149.2,77.68,94,40,5.75
154,Kohtla-Jarve,EE,2022-05-05 22:56:57,59.3986,27.2731,41.9,69,98,7.67
155,Emerald,AU,2022-05-05 22:56:58,-23.5333,148.1667,71.74,83,100,13.8
156,Ambon,ID,2022-05-05 22:56:58,-3.6954,128.1814,78.94,89,40,4.61
157,Cherskiy,RU,2022-05-05 22:56:59,68.75,161.3,33.98,99,92,5.46
158,Ormara,PK,2022-05-05 22:57:00,25.2088,64.6357,80.17,76,0,6.82
159,Castro,BR,2022-05-05 22:57:00,-24.7911,-50.0119,58.95,86,89,2.95
160,Praia Da Vitoria,PT,2022-05-05 22:57:01,38.7333,-27.0667,63.75,88,40,19.13
161,Lavrentiya,RU,2022-05-05 22:57:02,65.5833,-171.0,24.4,74,11,1.5
162,Ketchikan,US,2022-05-05 22:57:02,55.3422,-131.6461,47.95,70,84,3.49
163,Chifeng,CN,2022-05-05 22:57:03,42.2683,118.9636,50.0,23,60,15.93
164,Thompson,CA,2022-05-05 22:54:55,55.7435,-97.8558,37.56,93,100,5.75
165,Maceio,BR,2022-05-05 22:57:04,-9.6658,-35.7353,76.44,88,20,2.3
166,Beringovskiy,RU,2022-05-05 22:57:05,63.05,179.3167,27.88,73,16,1.3
167,Sar-E Pul,AF,2022-05-05 22:57:05,35.8333,66.1667,57.43,61,0,4.09
168,Can,TR,2022-05-05 22:57:06,40.0333,27.0524,48.11,87,7,1.36
169,Hofn,IS,2022-05-05 22:57:07,64.2539,-15.2082,42.28,75,85,11.23
170,Aklavik,CA,2022-05-05 22:57:07,68.2191,-135.0107,26.6,80,100,10.36
171,Punta Arenas,CL,2022-05-05 22:57:04,-53.15,-70.9167,44.71,81,40,31.07
172,Ponta Do Sol,PT,2022-05-05 22:57:08,32.6667,-17.1,63.23,74,60,4.59
173,Saint-Augustin,CA,2022-05-05 22:51:13,51.226,-58.6502,40.98,60,97,11.16
174,Christchurch,NZ,2022-05-05 22:53:43,-43.5333,172.6333,69.42,76,5,3.44
175,Burgeo,CA,2022-05-05 22:54:55,47.6167,-57.6152,40.33,94,100,7.23
176,Bitung,ID,2022-05-05 22:57:09,1.4451,125.1824,77.85,83,84,4.32
177,Tuktoyaktuk,CA,2022-05-05 22:57:10,69.4541,-133.0374,26.6,93,100,19.57
178,Ahuimanu,US,2022-05-05 22:57:10,21.4447,-157.8378,81.75,71,94,7.0
179,Barguzin,RU,2022-05-05 22:57:11,53.6167,109.6167,35.13,50,0,1.54
180,Homer,US,2022-05-05 22:57:12,59.6425,-151.5483,48.78,75,100,3.0
181,Shelburne,CA,2022-05-05 22:57:12,44.0787,-80.2041,61.59,43,100,5.86
182,Novyye Lapsary,RU,2022-05-05 22:57:13,56.0685,47.2142,35.31,64,0,8.95
183,Cabo San Lucas,MX,2022-05-05 22:56:48,22.8909,-109.9124,82.62,64,0,8.57
184,Vero Beach,US,2022-05-05 22:56:03,27.6386,-80.3973,85.05,69,4,8.01
185,Plouzane,FR,2022-05-05 22:58:14,48.3833,-4.6167,50.32,93,0,5.75
186,Nampula,MZ,2022-05-05 22:58:15,-15.1165,39.2666,67.95,100,20,6.91
187,Shingu,JP,2022-05-05 22:58:15,33.7333,135.9833,66.04,73,100,7.43
188,Basco,PH,2022-05-05 22:58:16,20.4487,121.9702,82.63,77,66,9.22
189,Sankt Florian,AT,2022-05-05 22:58:17,48.2057,14.3784,59.34,66,100,3.44
190,Portland,US,2022-05-05 22:54:17,45.5234,-122.6762,56.62,94,100,8.05
191,Hasaki,JP,2022-05-05 22:58:17,35.7333,140.8333,68.29,71,100,10.25
192,Mount Pleasant,US,2022-05-05 22:56:08,32.7941,-79.8626,88.05,68,0,12.66
193,Codrington,AU,2022-05-05 22:58:18,-38.2667,141.9667,49.8,83,62,4.92
194,Amot,NO,2022-05-05 22:58:19,59.5714,7.9877,36.41,85,83,5.77
195,Lompoc,US,2022-05-05 22:58:20,34.6391,-120.4579,81.79,72,55,15.99
196,Berbera,SO,2022-05-05 22:58:20,10.4396,45.0143,85.12,73,12,7.27
197,Rawah,IQ,2022-05-05 22:58:21,34.4816,41.9093,68.34,35,2,2.13
198,Tessalit,ML,2022-05-05 22:58:22,20.1986,1.0114,92.14,16,100,11.05
199,Aljezur,PT,2022-05-05 22:58:23,37.3191,-8.8033,58.41,84,46,6.78
200,Lugovskoy,RU,2022-05-05 22:58:23,56.9585,64.529,43.56,83,94,9.86
201,Palmerston,AU,2022-05-05 22:58:24,-12.486,130.9833,80.92,75,0,9.22
202,Ugoofaaru,MV,2022-05-05 22:58:25,5.6667,73.0,83.55,75,100,10.38
203,Kariba,ZW,2022-05-05 22:58:25,-16.5167,28.8,66.52,67,32,4.18
204,Cahul,MD,2022-05-05 22:58:26,45.9075,28.1944,49.62,55,0,5.99
205,Bengkulu,ID,2022-05-05 22:58:26,-3.8004,102.2655,75.29,88,97,3.85
206,Kavieng,PG,2022-05-05 22:58:27,-2.5744,150.7967,85.23,72,77,13.49
207,La Salle,US,2022-05-05 22:57:31,41.3334,-89.0918,54.48,87,100,11.5
208,Grindavik,IS,2022-05-05 22:58:27,63.8424,-22.4338,39.15,81,75,20.71
209,Geraldton,AU,2022-05-05 22:58:28,-28.7667,114.6,57.61,44,0,18.41
210,Torbay,CA,2022-05-05 22:54:58,47.6666,-52.7314,42.76,94,100,4.61
211,Axim,GH,2022-05-05 22:58:29,4.8699,-2.2405,80.67,85,43,7.14
212,Dunedin,NZ,2022-05-05 22:54:46,-45.8742,170.5036,62.06,63,61,2.55
213,Marawi,PH,2022-05-05 22:58:29,7.9986,124.2928,72.25,89,66,1.5
214,Matale,LK,2022-05-05 22:58:30,7.4721,80.6234,72.7,96,99,3.11
215,Piacabucu,BR,2022-05-05 22:58:31,-10.4056,-36.4344,78.67,78,2,8.66
216,Dudinka,RU,2022-05-05 22:58:31,69.4058,86.1778,15.62,91,100,18.43
217,Luanda,AO,2022-05-05 22:58:32,-8.8368,13.2343,78.8,89,75,5.75
218,Manitouwadge,CA,2022-05-05 22:58:32,49.1215,-85.8403,53.11,62,60,5.5
219,Muslyumovo,RU,2022-05-05 22:58:33,55.3033,53.1947,31.77,78,9,12.93
220,Kedougou,SN,2022-05-05 22:58:33,12.5579,-12.1743,86.58,35,0,4.61
221,Zaysan,KZ,2022-05-05 22:58:34,47.4667,84.8667,60.49,65,100,3.71
222,Vapi,IN,2022-05-05 22:58:34,20.3718,72.9049,80.55,80,0,4.14
223,Collie,AU,2022-05-05 22:58:35,-33.3667,116.15,47.61,71,0,7.31
224,Ostrovnoy,RU,2022-05-05 22:58:36,68.0531,39.5131,21.65,80,19,15.64
225,Bartica,GY,2022-05-05 22:58:36,6.4,-58.6167,79.12,98,99,3.85
226,Tasiilaq,GL,2022-05-05 22:58:37,65.6145,-37.6368,14.4,77,41,4.83
227,Byron Bay,AU,2022-05-05 22:57:13,-28.65,153.6167,69.94,88,100,8.68
228,Muskogee,US,2022-05-05 22:58:37,35.5834,-95.3336,66.27,93,97,7.23
229,Sinnamary,GF,2022-05-05 22:59:38,5.3833,-52.95,78.21,88,88,8.55
230,Alexandria,EG,2022-05-05 22:59:23,31.2156,29.9553,64.36,63,40,17.27
231,Alofi,NU,2022-05-05 22:59:38,-19.0595,-169.9187,82.29,69,40,10.36
232,Sao Filipe,CV,2022-05-05 22:59:39,14.8961,-24.4956,72.64,80,26,5.19
233,Lebanon,US,2022-05-05 22:56:01,36.2081,-86.2911,73.45,97,75,0.0
234,Nanortalik,GL,2022-05-05 22:59:40,60.1432,-45.2371,33.93,91,100,13.13
235,Lensk,RU,2022-05-05 22:59:40,60.7253,114.9278,37.13,81,100,13.06
236,Mahebourg,MU,2022-05-05 22:55:08,-20.4081,57.7,76.24,88,75,17.27
237,Bijawar,IN,2022-05-05 22:59:41,24.6333,79.5,85.21,27,2,5.68
238,Egvekinot,RU,2022-05-05 22:59:41,66.3167,-179.1667,19.26,82,77,3.09
239,Tiarei,PF,2022-05-05 22:59:42,-17.5333,-149.3333,80.62,80,69,10.47
240,Bende,NG,2022-05-05 22:59:42,5.5572,7.6368,74.52,96,99,2.95
241,Tobol,KZ,2022-05-05 22:59:43,52.6844,62.5794,44.58,58,92,18.7
242,Palma Campania,IT,2022-05-05 22:59:43,40.8649,14.5487,68.79,71,98,6.38
243,Nikolskoye,RU,2022-05-05 22:59:44,59.7035,30.7861,46.29,67,89,6.6
244,Mineiros,BR,2022-05-05 22:59:44,-17.5694,-52.5511,62.62,62,0,1.61
245,Eyl,SO,2022-05-05 22:59:45,7.9803,49.8164,82.98,81,1,10.69
246,Cayenne,GF,2022-05-05 22:59:46,4.9333,-52.3333,79.09,1,75,2.3
247,Jiayuguan,CN,2022-05-05 22:59:46,39.8167,98.3,54.12,28,94,5.35
248,Kayerkan,RU,2022-05-05 22:59:47,69.3497,87.7602,14.52,92,97,17.6
249,Ngama,TD,2022-05-05 22:59:47,11.7833,17.1667,90.63,39,49,9.55
250,Vikulovo,RU,2022-05-05 22:59:47,56.8167,70.6107,48.33,57,88,9.75
251,San Diego De Los Banos,CU,2022-05-05 22:59:48,22.6467,-83.3697,85.96,49,35,5.66
252,Angul,IN,2022-05-05 22:59:48,20.85,85.1,79.83,84,61,6.44
253,Pula,HR,2022-05-05 22:59:49,44.8683,13.8481,55.96,94,75,6.91
254,San Quintin,MX,2022-05-05 22:59:49,30.4833,-115.95,66.92,71,1,15.26
255,Englehart,CA,2022-05-05 22:59:50,47.8169,-79.8664,59.56,33,100,16.11
256,Namatanai,PG,2022-05-05 22:59:51,-3.6667,152.4333,84.33,72,77,9.17
257,Las Vegas,US,2022-05-05 22:58:04,36.175,-115.1372,96.17,12,51,8.01
258,The Village,US,2022-05-05 22:59:51,35.5609,-97.5514,64.63,73,40,21.85
259,Kavaratti,IN,2022-05-05 22:59:52,10.5669,72.642,84.79,72,100,12.64
260,Xinyu,CN,2022-05-05 22:59:52,27.8043,114.9334,68.68,72,72,0.43
261,Arman,RU,2022-05-05 22:59:53,59.7,150.1667,32.02,95,100,8.88
262,Esperance,AU,2022-05-05 22:59:53,-33.8667,121.9,48.04,71,28,7.83
263,Srednekolymsk,RU,2022-05-05 22:59:54,67.45,153.6833,32.61,91,100,4.25
264,Chabahar,IR,2022-05-05 22:59:54,25.2919,60.643,79.5,71,0,2.48
265,Tieling,CN,2022-05-05 22:59:55,42.2931,123.8414,55.44,55,100,12.71
266,Acajutla,SV,2022-05-05 22:59:55,13.5928,-89.8275,82.45,70,100,4.0
267,Gurupi,BR,2022-05-05 22:59:56,-11.7292,-49.0686,78.17,66,19,1.34
268,Aguas Vermelhas,BR,2022-05-05 22:59:56,-15.7472,-41.46,75.13,58,93,3.29
269,Kawambwa,ZM,2022-05-05 22:59:57,-9.7915,29.0791,61.21,80,79,5.64
270,Isangel,VU,2022-05-05 22:59:57,-19.55,169.2667,80.47,70,4,11.16
271,Sehithwa,BW,2022-05-05 22:59:58,-20.4667,22.7167,63.45,41,0,5.06
272,Kokkola,FI,2022-05-05 22:59:58,63.8385,23.1307,41.16,85,0,5.75
273,Lalsk,RU,2022-05-05 22:59:59,60.7415,47.5862,28.22,86,42,5.19
274,Mayo,US,2022-05-05 22:59:59,38.8876,-76.5119,67.71,79,100,6.91
275,La Ronge,CA,2022-05-05 23:01:00,55.1001,-105.2842,47.14,76,60,9.75
276,Ladnun,IN,2022-05-05 23:01:00,27.65,74.3833,83.5,30,48,5.75
277,Sungairaya,ID,2022-05-05 23:01:01,0.7,108.9,78.21,89,100,5.26
278,Upernavik,GL,2022-05-05 23:01:01,72.7868,-56.1549,8.28,90,44,5.32
279,Severo-Kurilsk,RU,2022-05-05 23:01:02,50.6789,156.125,36.18,83,23,5.93
280,Binzhou,CN,2022-05-05 23:00:27,37.3667,118.0167,72.25,45,80,7.76
281,San Pedro,PH,2022-05-05 23:01:03,14.35,121.0167,85.26,66,31,7.99
282,Longyearbyen,SJ,2022-05-05 23:01:03,78.2186,15.6401,22.84,80,75,3.44
283,Mirabad,AF,2022-05-05 23:01:04,30.4362,61.8383,81.55,15,0,4.68
284,Gold Coast,AU,2022-05-05 23:00:26,-28.0,153.4333,72.25,96,100,3.44
285,Casper,US,2022-05-05 22:58:05,42.8666,-106.3131,70.72,35,4,11.01
286,Kilindoni,TZ,2022-05-05 23:01:05,-7.9139,39.6668,80.15,76,11,15.9
287,Keita,NE,2022-05-05 23:01:05,14.7551,5.7749,90.19,22,60,2.37
288,Santa Maria,BR,2022-05-05 23:01:06,-29.6842,-53.8069,57.25,85,28,3.51
289,Olinda,BR,2022-05-05 23:01:06,-8.0089,-34.8553,79.61,81,100,10.22
290,Madaoua,NE,2022-05-05 23:01:07,14.073,5.96,88.84,38,50,5.28
291,Berlevag,NO,2022-05-05 23:01:07,70.8578,29.0864,33.6,86,100,13.96
292,Thanh Hoa,VN,2022-05-05 23:01:08,19.8,105.7667,70.38,90,1,2.71
293,Ahipara,NZ,2022-05-05 23:01:08,-35.1667,173.1667,66.88,63,20,7.63
294,Komsomolskiy,UZ,2022-05-05 23:01:09,40.4272,71.7189,66.09,63,31,1.68
295,Linkoping,SE,2022-05-05 23:01:10,58.4109,15.6216,52.99,76,100,12.66
296,Mizdah,LY,2022-05-05 23:01:10,31.4451,12.9801,74.5,22,88,10.29
297,Padang,ID,2022-05-05 23:01:11,-0.9492,100.3543,77.05,88,100,3.98
298,Sarkand,KZ,2022-05-05 23:01:11,45.41,79.9186,57.72,66,94,3.31
299,Yerbogachen,RU,2022-05-05 23:01:12,61.2767,108.0108,36.07,81,99,8.28
300,Saint Anthony,US,2022-05-05 23:01:13,45.0205,-93.218,66.9,42,100,5.75
301,Verkhoyansk,RU,2022-05-05 23:01:13,67.5447,133.385,27.45,88,100,3.56
302,Prince Rupert,CA,2022-05-05 23:00:16,54.3161,-130.3201,47.17,65,57,5.59
303,Tilichiki,RU,2022-05-05 23:01:14,60.4667,166.1,30.78,84,90,12.48
304,San Patricio,US,2022-05-05 23:01:15,28.017,-97.5169,90.32,63,72,15.75
305,Ankang,CN,2022-05-05 22:59:11,32.68,109.0172,65.07,72,0,1.32
306,Norden,DE,2022-05-05 23:01:15,53.6,7.2,47.95,89,81,2.3
307,Rio Grande,BR,2022-05-05 23:01:16,-32.035,-52.0986,57.94,70,13,5.26
308,Humberto De Campos,BR,2022-05-05 23:01:17,-2.5983,-43.4611,76.08,92,90,5.77
309,Luderitz,NA,2022-05-05 23:01:17,-26.6481,15.1594,62.67,63,0,6.6
310,Mae Hong Son,TH,2022-05-05 23:01:18,19.3003,97.9685,70.63,95,24,1.45
311,Madison,US,2022-05-05 23:01:18,34.7334,-86.5667,84.0,58,40,14.97
312,Maicao,CO,2022-05-05 23:01:19,11.3832,-72.2432,84.43,65,100,13.04
313,Bonthe,SL,2022-05-05 23:01:19,7.5264,-12.505,80.67,82,26,1.88
314,Qasigiannguit,GL,2022-05-05 23:01:20,68.8193,-51.1922,25.05,84,1,3.56
315,Primorsk,UA,2022-05-05 22:57:08,46.7348,36.3443,53.51,55,100,16.96
316,Akyab,MM,2022-05-05 23:01:21,20.15,92.9,78.55,80,0,5.73
317,Vila,PT,2022-05-05 23:01:21,42.0304,-8.1588,52.7,70,3,3.13
318,New Milford,US,2022-05-05 22:59:01,40.9327,-74.0179,72.36,42,100,5.01
319,Belaya Gora,RU,2022-05-05 23:01:22,68.5333,146.4167,31.71,100,100,7.34
320,Naze,JP,2022-05-05 23:02:23,28.3667,129.4833,67.12,93,100,6.04
321,Itarema,BR,2022-05-05 23:02:23,-2.9248,-39.9167,76.91,89,70,9.89
322,Jacksonville,US,2022-05-05 23:01:03,30.3322,-81.6556,92.98,52,0,5.75
323,Yahotyn,UA,2022-05-05 23:02:24,50.2798,31.7625,40.44,69,16,7.18
324,Hailun,CN,2022-05-05 23:02:24,47.45,126.9333,41.94,88,100,17.45
325,Lahaina,US,2022-05-05 23:02:25,20.8783,-156.6825,79.95,91,100,8.52
326,Balkhash,KZ,2022-05-05 23:02:25,46.844,74.9804,58.8,69,7,5.21
327,Hays,US,2022-05-05 23:02:26,30.0502,-98.0336,85.96,68,49,6.42
328,Arraial Do Cabo,BR,2022-05-05 23:02:26,-22.9661,-42.0278,74.66,79,23,20.13
329,Senador Guiomard,BR,2022-05-05 23:02:27,-10.1522,-67.7392,74.95,76,11,2.17
330,Ruteng,ID,2022-05-05 23:02:27,-8.6136,120.4721,64.26,88,27,1.95
331,Ancud,CL,2022-05-05 23:02:28,-41.8697,-73.8203,53.76,91,85,11.16
332,Murray Bridge,AU,2022-05-05 23:00:17,-35.1167,139.2667,52.12,74,39,8.23
333,Yeysk,RU,2022-05-05 23:02:28,46.6989,38.2792,52.39,66,100,19.08
334,Kurumkan,RU,2022-05-05 23:02:29,54.3,110.3,33.6,51,0,0.85
335,Fort Nelson,CA,2022-05-05 23:02:30,58.8053,-122.7002,52.68,46,94,3.76
336,Chapais,CA,2022-05-05 23:02:30,49.7834,-74.8492,37.56,53,16,9.91
337,Kieta,PG,2022-05-05 23:02:31,-6.2167,155.6333,83.8,77,82,6.15
338,Saraland,US,2022-05-05 23:02:31,30.8207,-88.0706,83.55,64,0,9.93
339,Sorkjosen,NO,2022-05-05 23:02:32,69.8,20.9333,44.6,49,75,8.05
340,Nueva Concepcion,GT,2022-05-05 23:02:32,14.2,-91.3,84.63,66,100,6.6
341,Saint Marys,US,2022-05-05 23:02:33,30.7305,-81.5465,92.05,66,0,10.36
342,Bud,US,2022-05-05 23:02:33,39.447,-86.1758,57.4,97,100,8.59
343,Aksarka,RU,2022-05-05 23:02:34,66.5606,67.7975,17.02,87,26,11.95
344,Yarada,IN,2022-05-05 23:02:34,17.65,83.2667,82.26,73,40,6.51
345,Kamenka,RU,2022-05-05 23:02:35,51.3223,42.7678,37.53,64,90,6.96
346,Laguna,US,2022-05-05 23:02:35,38.421,-121.4238,75.97,37,75,14.97
347,Maridi,SS,2022-05-05 23:02:36,4.9158,29.4742,70.0,78,84,3.0
348,Pingliang,CN,2022-05-05 23:02:36,35.5392,106.6861,63.84,51,21,5.06
349,Klaksvik,FO,2022-05-05 23:02:37,62.2266,-6.589,49.12,96,100,25.59
350,Chimbote,PE,2022-05-05 23:00:30,-9.0853,-78.5783,65.34,86,28,7.25
351,Goderich,CA,2022-05-05 23:02:37,43.7501,-81.7165,50.92,80,100,8.79
352,Ban Chang,TH,2022-05-05 23:02:38,12.7254,101.0553,82.47,88,40,4.61
353,Bhan,PK,2022-05-05 23:02:38,26.5583,67.7214,89.33,36,1,8.86
354,Banda Aceh,ID,2022-05-05 23:02:39,5.5577,95.3222,78.76,86,98,14.05
355,Chuy,UY,2022-05-05 23:02:40,-33.6971,-53.4616,56.91,78,91,5.41
356,Palmer,US,2022-05-05 23:02:41,42.1584,-72.3287,69.35,56,100,4.18
357,Launceston,AU,2022-05-05 23:02:41,-41.45,147.1667,49.6,88,100,4.61
358,Enid,US,2022-05-05 23:00:18,36.3956,-97.8784,64.02,72,40,19.57
359,Abay,KZ,2022-05-05 23:02:42,49.6311,72.8539,35.98,61,0,6.93
360,Cabedelo,BR,2022-05-05 23:01:02,-6.9811,-34.8339,79.65,80,99,11.56
361,Westport,US,2022-05-05 22:59:57,41.1415,-73.3579,69.28,43,100,1.99
362,Tuatapere,NZ,2022-05-05 23:02:43,-46.1333,167.6833,60.24,72,59,3.58
363,Birobidzhan,RU,2022-05-05 23:02:43,48.8,132.95,57.42,82,100,17.69
364,Hay River,CA,2022-05-05 22:58:39,60.8156,-115.7999,49.98,40,75,11.5
365,Bajil,YE,2022-05-05 23:02:44,15.0584,43.2851,91.33,41,15,3.04
366,Medicine Hat,CA,2022-05-05 22:59:00,50.0501,-110.6683,81.21,20,100,17.27
367,Vardo,NO,2022-05-05 23:02:44,70.3705,31.1107,33.96,98,91,18.32
368,Kinablangan,PH,2022-05-05 23:03:45,7.6947,126.5503,80.96,81,98,3.4
369,Mwinilunga,ZM,2022-05-05 23:03:45,-11.7358,24.4293,63.81,73,64,5.59
370,Chara,RU,2022-05-05 23:03:46,56.9064,118.2631,28.87,59,37,5.08
371,La Macarena,CO,2022-05-05 23:03:46,2.1837,-73.7849,71.47,99,100,2.93
372,Lashio,MM,2022-05-05 23:03:47,22.9333,97.75,63.36,95,60,1.05
373,San Angelo,US,2022-05-05 23:03:47,31.4638,-100.437,90.1,12,0,12.66
374,Pisco,PE,2022-05-05 23:03:48,-13.7,-76.2167,65.01,89,4,7.54
375,Leningradskiy,RU,2022-05-05 23:03:48,69.3833,178.4167,19.47,91,57,6.17
376,Orange Walk,BZ,2022-05-05 23:03:49,17.8333,-88.8333,85.86,62,90,8.57
377,Blairmore,CA,2022-05-05 23:03:49,49.6,-114.4353,62.47,71,95,5.12
378,Traverse City,US,2022-05-05 23:03:50,44.7631,-85.6206,62.71,47,100,0.0
379,Cedar City,US,2022-05-05 23:03:50,37.6775,-113.0619,70.77,17,0,19.57
380,Arlit,NE,2022-05-05 23:03:51,18.7369,7.3853,92.43,11,66,10.8
381,Nayoro,JP,2022-05-05 23:03:51,44.3506,142.4578,60.93,57,71,7.38
382,Grand Gaube,MU,2022-05-05 23:03:52,-20.0064,57.6608,75.6,82,13,11.01
383,Oranjemund,NA,2022-05-05 23:03:53,-28.55,16.4333,58.06,84,0,2.91
384,Lucapa,AO,2022-05-05 23:03:53,-8.4192,20.7447,71.49,70,95,2.77
385,Ucluelet,CA,2022-05-05 23:03:54,48.9329,-125.5528,50.09,92,100,1.01
386,Sao Joaquim,BR,2022-05-05 23:03:54,-28.2939,-49.9317,43.56,98,3,3.02
387,Kuminskiy,RU,2022-05-05 23:03:55,58.6667,66.5667,45.01,94,100,7.92
388,Auki,SB,2022-05-05 23:03:55,-8.7676,160.7034,84.74,65,19,2.1
389,Parabel,RU,2022-05-05 23:03:56,58.6978,81.4825,42.64,70,43,7.27
390,Conde,BR,2022-05-05 23:03:56,-7.2597,-34.9075,76.42,85,99,8.25
391,Sao Miguel Do Araguaia,BR,2022-05-05 23:03:57,-13.275,-50.1628,79.75,60,99,4.21
392,Zhigansk,RU,2022-05-05 23:03:57,66.7697,123.3711,20.62,88,30,4.97
393,Santa Comba,ES,2022-05-05 23:03:58,43.0331,-8.8093,54.37,94,16,4.74
394,Faanui,PF,2022-05-05 23:03:58,-16.4833,-151.75,81.5,71,87,7.34
395,Santiago Del Estero,AR,2022-05-05 23:02:05,-27.7951,-64.2615,65.39,40,100,6.11
396,Lloret De Mar,ES,2022-05-05 23:00:45,41.6999,2.8457,64.9,71,20,7.29
397,Havoysund,NO,2022-05-05 23:03:59,70.9963,24.6622,37.63,82,100,12.46
398,Ballina,AU,2022-05-05 23:04:00,-28.8667,153.5667,69.78,99,95,5.59
399,Roma,US,2022-05-05 23:04:00,43.2128,-75.4557,60.94,43,0,6.91
400,Tikapur,NP,2022-05-05 23:04:01,28.5,81.1333,77.13,53,0,4.72
401,Portoviejo,EC,2022-05-05 23:04:01,-1.05,-80.45,77.65,77,87,3.36
402,Doka,SD,2022-05-05 23:04:02,13.5167,35.7667,88.07,32,81,5.88
403,Storsteinnes,NO,2022-05-05 23:04:02,69.2408,19.2344,39.85,94,100,9.15
404,Tamworth,GB,2022-05-05 23:00:06,52.634,-1.6959,55.58,82,43,3.13
405,Patan,NP,2022-05-05 23:04:03,27.6667,85.3333,66.58,88,75,3.44
406,Pomabamba,PE,2022-05-05 23:04:03,-8.8333,-77.4667,54.05,80,96,3.83
407,Batemans Bay,AU,2022-05-05 23:00:06,-35.7167,150.1833,53.29,55,0,6.46
408,Maunabo,PR,2022-05-05 23:04:04,18.0072,-65.8993,80.71,80,13,11.63
409,Miyako,JP,2022-05-05 23:04:05,39.6367,141.9525,64.98,54,11,5.88
410,Payakumbuh,ID,2022-05-05 23:04:05,-0.2202,100.6308,68.79,97,95,3.04
411,Milkovo,RU,2022-05-05 23:04:06,54.7167,158.6167,43.68,61,35,4.54
412,Carinhanha,BR,2022-05-05 23:04:06,-14.3047,-43.765,82.53,39,56,3.29
413,Alice Springs,AU,2022-05-05 23:05:07,-23.7,133.8833,47.75,53,0,2.3
414,Aqtobe,KZ,2022-05-05 23:05:07,50.2797,57.2072,39.29,60,0,15.66
415,Matamoros,MX,2022-05-05 23:05:08,25.5333,-103.25,95.11,7,20,12.66
416,Burg,DE,2022-05-05 23:05:08,51.8333,14.15,51.13,85,92,6.02
417,Katobu,ID,2022-05-05 23:05:09,-4.9408,122.5276,77.79,89,84,2.37
418,Sigli,ID,2022-05-05 23:05:10,5.3848,95.9609,79.21,80,99,3.76
419,Villa Bruzual,VE,2022-05-05 23:05:10,9.3328,-69.1208,83.52,62,100,0.76
420,Meadow Lake,US,2022-05-05 23:00:15,34.8014,-106.5436,78.67,11,0,18.21
421,Usevya,TZ,2022-05-05 23:05:11,-7.1,31.2333,68.74,68,70,3.56
422,Garden City,US,2022-05-05 23:01:24,42.3256,-83.331,59.25,68,100,5.53
423,Saravan,AM,2022-05-05 23:05:12,39.7196,45.6483,45.09,75,24,4.54
424,Bocana De Paiwas,NI,2022-05-05 23:05:12,12.7857,-85.1227,80.69,79,67,9.37
425,Bonavista,CA,2022-05-05 23:05:13,48.6499,-53.1147,39.85,96,100,14.29
426,Hokota,JP,2022-05-05 23:05:13,36.15,140.5167,68.29,61,98,7.34
427,Vostok,RU,2022-05-05 23:05:13,46.4856,135.8833,61.23,45,92,8.61
428,Sibolga,ID,2022-05-05 23:05:14,1.7427,98.7792,76.95,94,100,3.18
429,Ninghai,CN,2022-05-05 23:05:15,29.2892,121.4247,65.55,86,40,1.9
430,Muramatsu,JP,2022-05-05 23:05:15,37.6833,139.1833,68.22,55,0,3.0
431,Yamada,JP,2022-05-05 23:05:16,39.4667,141.95,64.72,56,8,8.12
432,Novyy Oskol,RU,2022-05-05 23:05:17,50.7631,37.8691,39.13,71,11,6.62
433,Djenne,ML,2022-05-05 23:05:17,13.9061,-4.5533,94.55,10,86,3.6
434,Massaguet,TD,2022-05-05 23:05:18,12.4755,15.4365,93.87,31,89,11.07
435,Sennoy,RU,2022-05-05 23:05:18,52.1509,46.9631,36.1,59,9,6.31
436,Nichinan,JP,2022-05-05 23:05:19,31.6,131.3667,65.88,87,100,12.95
437,Fortuna,US,2022-05-05 23:05:19,40.5982,-124.1573,61.14,90,75,12.66
438,Sinaloa,MX,2022-05-05 23:05:18,25.0,-107.5,89.11,46,0,8.01
439,Sakakah,SA,2022-05-05 23:05:20,29.9697,40.2064,67.06,35,0,14.14
440,Salalah,OM,2022-05-05 23:05:20,17.0151,54.0924,82.49,89,75,1.14
441,Flinders,AU,2022-05-05 23:03:49,-34.5833,150.8552,60.39,55,0,8.99
442,Yining,CN,2022-05-05 23:05:21,29.0361,114.5636,65.73,73,14,1.25
443,Malangwa,NP,2022-05-05 23:05:22,26.8568,85.5581,78.49,64,65,4.79
444,Sept-Iles,CA,2022-05-05 23:05:22,50.2001,-66.3821,43.05,48,94,10.0
445,Jiwani,PK,2022-05-05 23:05:23,25.05,61.7417,79.75,69,0,0.87
446,Yulara,AU,2022-05-05 23:05:23,-25.2406,130.9889,47.88,57,9,11.01
447,Primero De Marzo,PY,2022-05-05 23:05:24,-25.153,-56.928,66.29,79,94,3.18
448,Kamariotissa,GR,2022-05-05 23:05:24,40.4833,25.4667,59.45,79,3,13.4
449,Kailua,US,2022-05-05 23:02:25,21.4022,-157.7394,82.02,76,93,7.0
450,Lata,PT,2022-05-05 23:05:25,40.1629,-8.3327,59.07,83,3,0.34
451,Paranhos,BR,2022-05-05 23:05:25,-23.8928,-55.4311,63.55,82,80,2.42
452,Teya,RU,2022-05-05 23:05:26,60.3778,92.6267,34.9,85,98,2.84
453,Majene,ID,2022-05-05 23:05:26,-3.5403,118.9707,78.93,86,83,3.47
454,Samarai,PG,2022-05-05 23:05:27,-10.6167,150.6667,83.57,75,74,9.51
455,Araceli,PH,2022-05-05 23:05:27,10.5529,119.9913,84.0,76,46,10.49
456,Lagunas,PE,2022-05-05 23:05:28,-5.2269,-75.6753,72.7,86,91,1.39
457,Acapulco,MX,2022-05-05 23:05:28,16.8634,-99.8901,84.02,70,75,8.05
458,La Asuncion,VE,2022-05-05 23:05:29,11.0333,-63.8628,78.24,86,94,17.02
459,Sistranda,NO,2022-05-05 23:06:30,63.7256,8.834,44.56,82,97,11.97
460,Chatra,IN,2022-05-05 23:06:30,24.2167,84.8667,79.5,56,80,10.0
461,Rosetta,EG,2022-05-05 23:06:31,31.4044,30.4164,63.63,70,0,18.25
462,Santiago,CL,2022-05-05 23:05:52,-33.4569,-70.6483,70.99,60,7,9.22
463,Bilibino,RU,2022-05-05 23:06:31,68.0546,166.4372,32.54,96,100,2.53
464,Semporna,MY,2022-05-05 23:06:32,4.4818,118.6112,79.5,87,100,1.5
465,Northam,GB,2022-05-05 23:06:32,51.0333,-4.2167,52.61,89,62,6.38
466,Fairfield,US,2022-05-05 23:06:33,41.2668,-73.3162,68.02,44,0,5.75
467,Xining,CN,2022-05-05 23:06:33,36.6167,101.7667,56.07,33,67,1.16
468,Gat,IL,2022-05-05 23:04:02,31.61,34.7642,63.28,100,65,13.98
469,Mayna,RU,2022-05-05 23:06:34,54.1135,47.6231,31.32,68,1,5.5
470,Hualmay,PE,2022-05-05 23:06:34,-11.0964,-77.6139,65.75,86,16,10.38
471,Kruisfontein,ZA,2022-05-05 23:06:35,-34.0033,24.7314,61.02,57,2,6.08
472,Yelovo,RU,2022-05-05 23:06:35,57.0538,54.9207,30.97,70,88,14.12
473,Takestan,IR,2022-05-05 23:06:36,36.0696,49.6959,58.75,52,7,3.2
474,Vikindu,TZ,2022-05-05 23:06:36,-7.0067,39.2985,71.06,95,24,6.6
475,Bairiki,KI,2022-05-05 23:06:37,1.3292,172.9752,86.0,66,40,13.8
476,Tonantins,BR,2022-05-05 23:06:38,-2.8731,-67.8022,74.43,99,67,2.33
477,Kontagora,NG,2022-05-05 23:06:38,10.3999,5.4695,84.88,52,84,5.12
478,Raahe,FI,2022-05-05 23:06:39,64.6833,24.4833,41.09,95,86,10.22
479,Puri,IN,2022-05-05 23:06:39,19.8,85.85,77.52,89,38,9.4
480,Ajdabiya,LY,2022-05-05 23:06:40,30.7554,20.2263,73.6,27,0,9.98
481,Baiao,BR,2022-05-05 23:06:40,-2.7906,-49.6717,74.3,97,88,2.66
482,North Branch,US,2022-05-05 23:06:41,45.5113,-92.9802,68.29,38,82,5.03
483,Cururupu,BR,2022-05-05 23:06:41,-1.8283,-44.8683,75.18,95,61,3.09
484,Souillac,MU,2022-05-05 23:06:42,-20.5167,57.5167,75.58,94,75,16.11
485,Kielce,PL,2022-05-05 23:06:42,50.8703,20.6275,57.02,1,100,4.36
486,Rangpur,BD,2022-05-05 23:06:43,25.75,89.25,74.77,85,3,6.33
487,Kalmunai,LK,2022-05-05 23:06:43,7.4167,81.8167,79.23,85,100,3.04
488,Ukiah,US,2022-05-05 23:06:44,39.1502,-123.2078,66.36,70,100,4.61
489,Haines Junction,CA,2022-05-05 23:06:44,60.7522,-137.5108,40.77,63,100,5.12
490,Tulare,US,2022-05-05 23:06:45,36.2666,-118.8009,83.75,17,99,1.99
491,Izberbash,RU,2022-05-05 23:06:45,42.5696,47.8645,59.09,77,99,10.27
492,Kuryk,KZ,2022-05-05 23:06:45,43.2,51.65,64.38,81,94,7.38
493,Maragogi,BR,2022-05-05 23:06:46,-9.0122,-35.2225,78.28,84,100,8.81
494,Coolum Beach,AU,2022-05-05 23:06:47,-26.5333,153.1,77.11,87,37,2.24
495,Kahului,US,2022-05-05 23:06:47,20.8947,-156.47,80.62,74,40,23.02
496,Suchdol Nad Luznici,CZ,2022-05-05 23:06:48,48.89,14.8772,54.72,93,99,3.6
497,Darhan,MN,2022-05-05 23:06:48,49.4867,105.9228,38.16,41,96,3.56
498,Kuruman,ZA,2022-05-05 23:06:19,-27.4524,23.4325,58.08,40,0,2.73
499,Hamilton,US,2022-05-05 23:06:49,39.1834,-84.5333,59.99,91,100,14.97
500,Shimizu,JP,2022-05-05 23:06:50,43.0061,142.8847,41.76,43,30,2.42
501,Dicabisagan,PH,2022-05-05 23:06:50,17.0818,122.4157,80.46,79,9,4.97
502,Henties Bay,NA,2022-05-05 23:07:51,-22.116,14.2845,65.97,61,0,4.94
503,Worland,US,2022-05-05 23:07:52,44.0169,-107.9554,72.75,32,0,8.01
504,Nara,JP,2022-05-05 23:05:57,34.6851,135.8049,66.49,54,100,4.59
505,Deputatskiy,RU,2022-05-05 23:07:52,69.3,139.9,23.97,93,100,2.3
506,Cairns,AU,2022-05-05 23:04:02,-16.9167,145.7667,81.1,76,15,9.22
507,Maumere,ID,2022-05-05 23:07:53,-8.6199,122.2111,80.78,80,11,4.18
508,Anadyr,RU,2022-05-05 23:07:53,64.75,177.4833,34.3,75,0,8.95
509,Taonan,CN,2022-05-05 23:07:54,45.3333,122.7833,52.43,38,17,16.82
510,Sambava,MG,2022-05-05 23:07:54,-14.2667,50.1667,72.59,86,30,8.97
511,Oranjestad,AW,2022-05-05 23:07:55,12.524,-70.027,79.65,86,90,25.05
512,Kalmar,SE,2022-05-05 23:07:55,56.6616,16.3616,49.96,86,7,4.61
513,Daru,PG,2022-05-05 23:07:56,-9.0763,143.2092,80.19,86,91,12.01
514,Kandri,IN,2022-05-05 23:07:56,21.4167,79.2667,81.97,20,0,4.36
515,Makubetsu,JP,2022-05-05 23:07:57,45.3714,141.8211,51.71,77,98,25.61
516,Constantine,DZ,2022-05-05 23:06:04,36.365,6.6147,54.81,94,75,16.11
517,Port Shepstone,ZA,2022-05-05 23:07:57,-30.7414,30.455,66.45,68,0,8.34
518,Asau,RO,2022-05-05 23:07:58,46.4333,26.4,43.72,85,17,1.5
519,Dvorichna,UA,2022-05-05 23:07:59,49.8496,37.6857,40.42,68,91,7.65
520,Waspan,NI,2022-05-05 23:07:59,14.7419,-83.9717,79.34,87,100,5.28
521,Qaqortoq,GL,2022-05-05 23:08:00,60.7167,-46.0333,33.82,96,100,11.9
522,Pemangkat,ID,2022-05-05 23:08:00,1.1667,108.9667,78.17,88,100,5.57
523,Hornepayne,CA,2022-05-05 23:08:01,49.2138,-84.7705,52.68,58,88,6.93
524,Angoram,PG,2022-05-05 23:08:01,-4.0625,144.0661,81.97,79,42,2.59
525,Sibut,CF,2022-05-05 23:08:02,5.718,19.0739,71.35,95,92,1.43
526,San-Pedro,CI,2022-05-05 23:08:02,4.7485,-6.6363,80.76,86,62,6.42
527,Constitucion,CL,2022-05-05 23:08:03,-35.3333,-72.4167,55.36,89,70,9.8
528,San Juan,AR,2022-05-05 23:08:03,-31.5375,-68.5364,66.56,30,34,8.57
529,Verkhnyaya Khava,RU,2022-05-05 23:08:04,51.8404,39.9413,35.67,65,5,6.33
530,Kaeo,NZ,2022-05-05 23:08:04,-35.1,173.7833,68.32,74,65,9.31
531,Mandalgovi,MN,2022-05-05 23:08:05,45.7625,106.2708,36.21,40,59,8.9
532,Oussouye,SN,2022-05-05 23:08:05,12.485,-16.5469,75.87,61,0,9.86
533,Tias,ES,2022-05-05 23:07:18,28.9611,-13.645,64.08,77,20,20.71
534,Almenara,BR,2022-05-05 23:08:06,-16.1836,-40.6944,76.53,74,32,4.45
535,Port Blair,IN,2022-05-05 23:08:07,11.6667,92.75,82.36,77,99,6.85
536,Walvis Bay,NA,2022-05-05 23:08:07,-22.9575,14.5053,61.09,50,0,6.13
537,Tezu,IN,2022-05-05 23:08:08,27.9167,96.1667,69.06,78,5,4.0
538,Quatre Cocos,MU,2022-05-05 23:08:08,-20.2078,57.7625,75.31,82,45,21.0
539,Xinxiang,CN,2022-05-05 23:08:09,35.3089,113.8672,70.11,62,7,4.83
540,Challapata,BO,2022-05-05 23:08:09,-18.9,-66.7667,49.1,23,0,0.76
541,Jidong,CN,2022-05-05 23:08:10,45.2167,131.0833,60.76,54,100,21.3
542,Luan,CH,2022-05-05 23:08:10,46.3592,6.9759,43.56,93,100,1.92
543,Lynn Haven,US,2022-05-05 23:06:52,30.2455,-85.6483,81.01,78,20,9.22
544,Usinsk,RU,2022-05-05 23:08:11,65.9939,57.5281,23.2,80,94,9.24
545,Kostomuksha,RU,2022-05-05 23:08:11,64.571,30.5767,38.1,96,100,10.98
546,Beidao,CN,2022-05-05 23:08:12,34.5686,105.8933,58.95,79,0,3.49
547,Lima,PE,2022-05-05 23:08:12,-12.0432,-77.0282,71.91,68,0,13.8
548,Hobyo,SO,2022-05-05 23:08:13,5.3505,48.5268,82.8,81,1,22.3
549,Mecca,SA,2022-05-05 23:05:19,21.4267,39.8261,80.82,51,2,4.94
550,Bay Roberts,CA,2022-05-05 23:09:14,47.5999,-53.2648,43.52,90,100,5.73
551,Gusau,NG,2022-05-05 23:09:14,12.1628,6.6614,86.5,41,100,9.26
552,Petrolia,CA,2022-05-05 23:09:15,42.8668,-82.1498,56.82,73,100,4.79
553,Bordei Verde,RO,2022-05-05 23:09:15,45.0833,27.5667,51.13,51,8,4.63
554,Zyryanka,RU,2022-05-05 23:07:27,65.75,150.85,32.61,93,100,3.91
555,Kinshasa,CD,2022-05-05 23:05:19,-4.3246,15.3215,75.74,82,76,1.07
556,Sechura,PE,2022-05-05 23:09:16,-5.5569,-80.8222,71.69,68,74,17.63
557,Bandarbeyla,SO,2022-05-05 23:09:16,9.4942,50.8122,80.26,91,2,10.51
558,Weston,US,2022-05-05 23:09:17,26.1004,-80.3998,84.02,68,0,9.22
559,Waterloo,CA,2022-05-05 23:09:06,43.4668,-80.5164,57.6,53,100,5.01
560,Mbini,GQ,2022-05-05 23:09:18,1.574,9.6134,79.39,84,100,4.56
561,Surovikino,RU,2022-05-05 23:09:18,48.6078,42.8486,45.61,50,100,16.22
562,Bereda,ES,2022-05-05 23:09:19,43.2686,-7.5406,51.58,93,40,5.37
563,Isla Mujeres,MX,2022-05-05 23:09:19,21.2311,-86.731,86.16,75,38,13.42
564,Rundu,NA,2022-05-05 23:09:20,-17.9333,19.7667,58.5,52,22,3.18
565,Atar,MR,2022-05-05 23:09:20,20.5169,-13.0499,83.8,13,2,6.71
566,Lieksa,FI,2022-05-05 23:09:21,63.3167,30.0167,37.22,94,100,9.13
567,Naron,ES,2022-05-05 23:09:21,43.5167,-8.1528,58.59,90,6,8.9
568,Inhambane,MZ,2022-05-05 23:09:22,-23.865,35.3833,68.09,92,1,5.41
569,Pangody,RU,2022-05-05 23:09:22,65.85,74.4859,7.11,96,15,6.51
570,Maniitsoq,GL,2022-05-05 23:07:34,65.4167,-52.9,26.19,73,1,4.12
571,Angoche,MZ,2022-05-05 23:09:23,-16.2325,39.9086,73.94,86,1,8.48
572,Lasa,IT,2022-05-05 23:09:24,46.6166,10.7002,47.35,94,100,2.95
573,Mount Isa,AU,2022-05-05 23:09:24,-20.7333,139.5,58.77,44,83,11.5
574,Avera,US,2022-05-05 23:09:25,33.194,-82.5271,87.85,48,29,6.53
575,Bijapur,IN,2022-05-05 23:09:25,16.8333,75.7,81.88,52,54,11.23
576,Lianzhou,CN,2022-05-05 23:09:26,24.7811,112.3825,69.96,84,99,1.21
577,Dukat,RU,2022-05-05 23:09:27,62.55,155.55,32.86,76,100,10.4
578,Surt,LY,2022-05-05 23:09:27,31.2089,16.5887,72.81,40,10,22.59
579,Krasnoselkup,RU,2022-05-05 23:09:28,65.7,82.4667,14.85,91,11,5.21
580,Tari,NG,2022-05-05 23:09:28,12.4086,4.4914,86.63,40,100,13.2
