City_ID,City,Country,Date,Lat,Lng,Max Temp,Humidity,Cloudiness,Wind Speed,Current Description
0,Paita,PE,2022-05-12 05:51:20,-5.0892,-81.1144,66.56,81,61,10.45,broken clouds
1,Wajir,KE,2022-05-12 05:51:21,1.7471,40.0573,80.56,74,100,9.22,overcast clouds
2,Ushuaia,AR,2022-05-12 05:46:51,-54.8,-68.3,44.26,76,0,16.11,clear sky
3,Kapaa,US,2022-05-12 05:51:22,22.0752,-159.319,78.78,84,75,19.57,broken clouds
4,Matara,LK,2022-05-12 05:50:19,5.9485,80.5353,83.52,78,82,14.0,broken clouds
5,Sao Filipe,CV,2022-05-12 05:44:38,14.8961,-24.4956,71.74,83,42,6.82,scattered clouds
6,Dashitou,CN,2022-05-12 05:51:23,43.3067,128.5114,59.81,32,100,12.15,overcast clouds
7,Gizo,SB,2022-05-12 05:47:41,-8.103,156.8419,85.06,68,98,5.82,overcast clouds
8,Nhamunda,BR,2022-05-12 05:51:23,-2.1861,-56.7131,74.16,90,53,2.3,broken clouds
9,Barrow,US,2022-05-12 05:50:42,71.2906,-156.7887,30.22,93,100,12.66,mist
10,Avarua,CK,2022-05-12 05:51:24,-21.2078,-159.775,77.05,88,75,4.61,broken clouds
11,Dublin,US,2022-05-12 05:48:25,37.7021,-121.9358,52.7,74,0,16.11,clear sky
12,Busselton,AU,2022-05-12 05:51:25,-33.65,115.3333,53.28,91,100,6.11,light rain
13,Ilulissat,GL,2022-05-12 05:50:10,69.2167,-51.1,7.21,70,7,8.66,clear sky
14,Ponta Do Sol,PT,2022-05-12 05:51:26,32.6667,-17.1,66.83,80,26,3.89,scattered clouds
15,Leningradskiy,RU,2022-05-12 05:43:22,69.3833,178.4167,30.24,97,100,9.84,snow
16,Rockport,US,2022-05-12 05:51:26,28.0206,-97.0544,80.65,85,0,11.5,clear sky
17,Nome,US,2022-05-12 05:50:10,64.5011,-165.4064,39.16,87,75,18.41,broken clouds
18,Mataura,NZ,2022-05-12 05:51:27,-46.1927,168.8643,55.47,92,100,1.57,overcast clouds
19,Upernavik,GL,2022-05-12 05:51:27,72.7868,-56.1549,5.61,87,28,5.32,scattered clouds
20,Punta Arenas,CL,2022-05-12 05:51:28,-53.15,-70.9167,37.51,93,0,4.61,clear sky
21,Victoria,HK,2022-05-12 05:44:19,22.2855,114.1577,80.65,93,100,14.0,moderate rain
22,Waingapu,ID,2022-05-12 05:51:29,-9.6567,120.2641,85.08,62,49,5.64,scattered clouds
23,Bozeman,US,2022-05-12 05:49:44,45.6796,-111.0386,45.93,69,0,5.75,clear sky
24,Isangel,VU,2022-05-12 05:48:51,-19.55,169.2667,75.56,74,100,23.31,overcast clouds
25,Tiksi,RU,2022-05-12 05:41:54,71.6872,128.8694,30.25,83,79,17.67,broken clouds
26,Bluff,NZ,2022-05-12 05:51:30,-46.6,168.3333,55.8,74,100,20.0,overcast clouds
27,Rikitea,PF,2022-05-12 05:51:30,-23.1203,-134.9692,77.25,81,14,19.84,light rain
28,Alice Springs,AU,2022-05-12 05:51:31,-23.7,133.8833,72.95,32,98,5.75,overcast clouds
29,Mar Del Plata,AR,2022-05-12 05:47:42,-38.0023,-57.5575,53.87,72,85,5.99,mist
30,Chokurdakh,RU,2022-05-12 05:51:32,70.6333,147.9167,31.44,92,98,10.83,overcast clouds
31,Vaini,TO,2022-05-12 05:41:53,-21.2,-175.2,73.56,73,75,11.5,broken clouds
32,Jamestown,US,2022-05-12 05:46:45,42.097,-79.2353,54.01,73,0,4.97,clear sky
33,Washim,IN,2022-05-12 05:51:33,20.1,77.15,100.6,24,37,5.19,scattered clouds
34,Albany,US,2022-05-12 05:50:51,42.6001,-73.9662,53.55,64,4,2.1,clear sky
35,Guerrero Negro,MX,2022-05-12 05:47:42,27.9769,-114.0611,58.71,76,15,18.23,few clouds
36,Faanui,PF,2022-05-12 05:43:32,-16.4833,-151.75,81.75,77,57,15.93,light rain
37,Novo Horizonte,BR,2022-05-12 05:51:34,-21.4681,-49.2208,62.06,94,82,2.59,broken clouds
38,Hermanus,ZA,2022-05-12 05:51:34,-34.4187,19.2345,55.27,75,0,7.2,clear sky
39,Lompoc,US,2022-05-12 05:44:37,34.6391,-120.4579,50.02,80,0,21.0,clear sky
40,Katsuura,JP,2022-05-12 05:47:37,35.1333,140.3,69.44,77,100,10.67,overcast clouds
41,Port Elizabeth,ZA,2022-05-12 05:51:35,-33.918,25.5701,55.31,89,0,3.44,clear sky
42,Thompson,CA,2022-05-12 05:40:20,55.7435,-97.8558,35.76,80,0,3.44,clear sky
43,Meulaboh,ID,2022-05-12 05:51:36,4.1363,96.1285,87.21,61,84,3.27,broken clouds
44,Ankang,CN,2022-05-12 05:51:36,32.68,109.0172,79.79,51,18,5.19,few clouds
45,Anadyr,RU,2022-05-12 05:52:37,64.75,177.4833,43.3,65,40,22.37,scattered clouds
46,Atuona,PF,2022-05-12 05:52:38,-9.8,-139.0333,78.94,78,38,20.0,scattered clouds
47,Pevek,RU,2022-05-12 05:52:39,69.7008,170.3133,28.47,85,100,10.85,overcast clouds
48,Bubaque,GW,2022-05-12 05:52:39,11.2833,-15.8333,76.95,80,11,15.79,few clouds
49,North Bend,US,2022-05-12 05:52:40,43.4065,-124.2243,50.16,92,100,5.75,overcast clouds
50,Barreiras,BR,2022-05-12 05:52:40,-12.1528,-44.99,69.67,59,59,2.13,broken clouds
51,Poum,NC,2022-05-12 05:52:41,-20.2333,164.0167,76.66,76,100,26.08,overcast clouds
52,Salinas,US,2022-05-12 05:52:42,36.6777,-121.6555,52.41,78,0,5.75,clear sky
53,Codrington,AU,2022-05-12 05:43:29,-38.2667,141.9667,61.66,78,79,7.76,broken clouds
54,Iqaluit,CA,2022-05-12 05:52:43,63.7506,-68.5145,19.13,86,75,27.63,broken clouds
55,Kiama,AU,2022-05-12 05:52:43,-34.6833,150.8667,67.37,94,100,5.01,light rain
56,Kodiak,US,2022-05-12 05:52:44,57.79,-152.4072,47.71,66,100,6.91,overcast clouds
57,Noumea,NC,2022-05-12 05:50:43,-22.2763,166.4572,77.0,99,100,16.13,overcast clouds
58,Margate,GB,2022-05-12 05:47:26,51.3813,1.3862,50.7,86,27,1.01,scattered clouds
59,Soyo,AO,2022-05-12 05:49:56,-6.1349,12.3689,76.05,87,93,3.18,overcast clouds
60,East London,ZA,2022-05-12 05:52:46,-33.0153,27.9116,54.54,87,0,4.61,clear sky
61,Hilo,US,2022-05-12 05:52:47,19.7297,-155.09,74.28,92,100,9.22,mist
62,Tchibanga,GA,2022-05-12 05:52:48,-2.85,11.0333,72.48,98,100,0.78,overcast clouds
63,Kavaratti,IN,2022-05-12 05:51:45,10.5669,72.642,84.9,66,91,13.67,overcast clouds
64,Jacareacanga,BR,2022-05-12 05:52:49,-6.2222,-57.7528,76.19,80,93,0.74,overcast clouds
65,Aasiaat,GL,2022-05-12 05:52:50,68.7098,-52.8699,16.2,87,58,9.15,broken clouds
66,Manggar,ID,2022-05-12 05:52:50,-2.8833,108.2667,88.9,61,100,6.42,light rain
67,Provideniya,RU,2022-05-12 05:43:15,64.3833,-173.3,35.71,80,0,15.99,clear sky
68,Hasaki,JP,2022-05-12 05:48:14,35.7333,140.8333,72.28,77,100,12.12,light rain
69,Baiyin,CN,2022-05-12 05:52:51,36.5583,104.2081,51.39,55,53,25.72,broken clouds
70,Vardo,NO,2022-05-12 05:47:27,70.3705,31.1107,37.38,100,100,6.91,mist
71,Jaguey Grande,CU,2022-05-12 05:52:52,22.5269,-81.1286,69.03,79,0,3.69,clear sky
72,Port Alfred,ZA,2022-05-12 05:52:53,-33.5906,26.891,61.59,75,0,5.59,clear sky
73,Qaanaaq,GL,2022-05-12 05:52:53,77.484,-69.3632,9.21,67,5,7.07,clear sky
74,Lambari,BR,2022-05-12 05:52:54,-21.9756,-45.3503,57.13,95,46,2.55,scattered clouds
75,Nemuro,JP,2022-05-12 05:52:55,43.3236,145.575,47.34,95,96,15.93,overcast clouds
76,Sur,OM,2022-05-12 05:50:37,22.5667,59.5289,95.22,32,100,1.74,overcast clouds
77,Yulara,AU,2022-05-12 05:52:56,-25.2406,130.9889,74.77,21,97,4.43,overcast clouds
78,Castro,BR,2022-05-12 05:49:10,-24.7911,-50.0119,48.58,96,2,2.75,clear sky
79,Haines Junction,CA,2022-05-12 05:43:14,60.7522,-137.5108,39.15,60,34,2.3,scattered clouds
80,Badhni Kalan,IN,2022-05-12 05:52:57,30.6833,75.2833,109.74,13,0,9.28,clear sky
81,Carutapera,BR,2022-05-12 05:52:58,-1.195,-46.02,74.39,95,75,4.09,broken clouds
82,Lima,PE,2022-05-12 05:51:19,-12.0432,-77.0282,62.91,82,100,3.44,mist
83,Klaksvik,FO,2022-05-12 05:47:36,62.2266,-6.589,40.12,73,100,7.83,overcast clouds
84,Santa Cruz,BO,2022-05-12 05:52:59,-17.8,-63.1667,67.46,83,75,4.61,broken clouds
85,Negotino,MK,2022-05-12 05:51:03,41.4839,22.0892,64.2,62,31,1.41,scattered clouds
86,Severo-Kurilsk,RU,2022-05-12 05:44:50,50.6789,156.125,41.04,82,57,5.37,broken clouds
87,Ulladulla,AU,2022-05-12 05:52:53,-35.35,150.4667,65.77,94,100,4.74,light rain
88,Nabire,ID,2022-05-12 05:50:26,-3.3667,135.4833,85.1,70,78,4.94,broken clouds
89,Palaikastron,GR,2022-05-12 05:53:00,35.2,26.25,65.28,59,24,9.86,few clouds
90,Saint George,US,2022-05-12 05:43:24,37.1041,-113.5841,55.99,22,0,8.05,clear sky
91,Atasu,KZ,2022-05-12 05:53:01,48.6814,71.6433,67.23,33,24,1.23,few clouds
92,Bredasdorp,ZA,2022-05-12 05:53:02,-34.5322,20.0403,51.62,84,0,5.01,clear sky
93,Grindavik,IS,2022-05-12 05:44:58,63.8424,-22.4338,35.55,100,75,4.61,broken clouds
94,New Norfolk,AU,2022-05-12 05:54:03,-42.7826,147.0587,58.91,82,100,1.59,light rain
95,Portland,US,2022-05-12 05:44:02,45.5234,-122.6762,51.84,70,100,8.01,overcast clouds
96,Yellowknife,CA,2022-05-12 05:54:03,62.456,-114.3525,30.72,86,20,6.91,few clouds
97,Stokmarknes,NO,2022-05-12 05:54:04,68.5646,14.9108,40.98,93,75,0.0,broken clouds
98,Carnarvon,AU,2022-05-12 05:45:39,-24.8667,113.6333,82.47,57,100,32.21,overcast clouds
99,Tuktoyaktuk,CA,2022-05-12 05:54:04,69.4541,-133.0374,37.4,75,75,10.36,broken clouds
100,Ekuvukeni,ZA,2022-05-12 05:54:05,-28.4675,30.1551,54.77,83,61,2.51,broken clouds
101,Baracoa,CU,2022-05-12 05:54:05,20.3467,-74.4958,73.56,88,87,0.6,overcast clouds
102,Sioux Lookout,CA,2022-05-12 05:54:06,50.1001,-91.917,48.27,87,100,4.61,overcast clouds
103,Shache,CN,2022-05-12 05:54:06,38.4167,77.2406,83.28,20,99,19.13,overcast clouds
104,Vandra,EE,2022-05-12 05:54:07,58.6481,25.0361,47.86,98,100,5.75,overcast clouds
105,Lebu,CL,2022-05-12 05:54:07,-37.6167,-73.65,51.96,92,100,10.42,light rain
106,Cape Town,ZA,2022-05-12 05:50:03,-33.9258,18.4232,53.89,92,75,4.61,broken clouds
107,Atikokan,CA,2022-05-12 05:54:08,48.7555,-91.6216,53.58,70,100,7.16,overcast clouds
108,Fukue,JP,2022-05-12 05:54:09,32.6881,128.8419,68.36,100,75,8.05,mist
109,Alliance,US,2022-05-12 05:54:09,40.9153,-81.1059,59.99,68,24,5.7,few clouds
110,Kattivakkam,IN,2022-05-12 05:53:03,13.2167,80.3167,89.69,79,98,11.41,overcast clouds
111,Karlskrona,SE,2022-05-12 05:54:10,56.1616,15.5866,50.45,90,99,13.27,overcast clouds
112,Mount Gambier,AU,2022-05-12 05:44:54,-37.8333,140.7667,60.39,83,96,3.44,overcast clouds
113,Muros,ES,2022-05-12 05:54:11,42.7762,-9.0603,60.1,80,100,7.34,overcast clouds
114,Dikson,RU,2022-05-12 05:54:11,73.5069,80.5464,24.58,75,3,13.2,clear sky
115,Tatawin,TN,2022-05-12 05:54:12,32.9297,10.4518,58.98,83,0,4.5,clear sky
116,Urumqi,CN,2022-05-12 05:54:12,43.801,87.6005,68.95,33,0,6.71,clear sky
117,Ocampo,MX,2022-05-12 05:54:13,21.65,-101.5,54.63,90,1,9.35,clear sky
118,Nyimba,ZM,2022-05-12 05:54:13,-14.5566,30.8149,69.67,65,1,3.11,clear sky
119,Belyy Yar,RU,2022-05-12 05:54:14,53.6039,91.3903,67.89,13,0,11.18,clear sky
120,Linxia,CN,2022-05-12 05:54:14,35.6003,103.2064,69.82,40,3,19.62,clear sky
121,Butaritari,KI,2022-05-12 05:54:14,3.0707,172.7902,80.91,79,60,9.53,broken clouds
122,Carballo,ES,2022-05-12 05:54:15,43.213,-8.691,59.02,90,100,4.56,overcast clouds
123,Sitka,US,2022-05-12 05:54:15,57.0531,-135.33,44.53,77,82,3.27,broken clouds
124,Launceston,AU,2022-05-12 05:54:16,-41.45,147.1667,62.35,77,100,8.05,light rain
125,Cidreira,BR,2022-05-12 05:45:38,-30.1811,-50.2056,58.53,86,7,10.33,clear sky
126,Bethel,US,2022-05-12 05:48:56,41.3712,-73.414,61.11,79,0,0.0,clear sky
127,Larsnes,NO,2022-05-12 05:54:17,62.2028,5.5773,45.01,92,100,13.06,light rain
128,Parati,BR,2022-05-12 05:54:18,-23.2178,-44.7131,69.21,96,91,3.44,overcast clouds
129,Aksha,RU,2022-05-12 05:54:18,50.2814,113.2867,47.12,49,100,16.31,overcast clouds
130,Salinopolis,BR,2022-05-12 05:54:19,-0.6136,-47.3561,76.8,88,67,6.42,broken clouds
131,Norsup,VU,2022-05-12 05:54:19,-16.0667,167.3833,79.29,79,100,18.68,light rain
132,Saint-Philippe,RE,2022-05-12 05:54:20,-21.3585,55.7679,78.39,78,79,7.29,broken clouds
133,Cherskiy,RU,2022-05-12 05:54:20,68.75,161.3,28.62,79,54,9.08,broken clouds
134,Flinders,AU,2022-05-12 05:54:21,-34.5833,150.8552,67.17,93,100,5.99,light rain
135,Ahipara,NZ,2022-05-12 05:54:21,-35.1667,173.1667,56.19,75,0,7.27,clear sky
136,Te Anau,NZ,2022-05-12 05:50:24,-45.4167,167.7167,48.79,84,99,0.18,overcast clouds
137,Simpang Empat,MY,2022-05-12 05:54:22,4.95,100.6333,88.03,67,86,4.32,overcast clouds
138,Georgetown,MY,2022-05-12 05:44:39,5.4112,100.3354,91.35,64,20,7.0,few clouds
139,Humaita,BR,2022-05-12 05:51:31,-7.5061,-63.0208,73.42,96,70,2.68,broken clouds
140,Smolensk,RU,2022-05-12 05:55:23,55.0,33.0,54.16,93,100,8.93,overcast clouds
141,Llanes,ES,2022-05-12 05:55:24,43.4198,-4.7549,59.22,84,100,3.83,overcast clouds
142,Pasni,PK,2022-05-12 05:55:24,25.2631,63.471,87.58,57,18,15.73,few clouds
143,Bowen,AU,2022-05-12 05:53:10,-20.0167,148.2333,74.91,87,100,7.81,overcast clouds
144,Berlevag,NO,2022-05-12 05:55:25,70.8578,29.0864,37.35,93,75,9.22,broken clouds
145,Sfantu Gheorghe,RO,2022-05-12 05:55:25,45.8667,25.7833,59.83,66,55,0.72,broken clouds
146,Dryden,CA,2022-05-12 05:55:26,49.7833,-92.7503,50.29,66,100,12.66,overcast clouds
147,Awbari,LY,2022-05-12 05:55:26,26.5921,12.7805,62.4,62,0,10.13,clear sky
148,Nevelsk,RU,2022-05-12 05:50:35,46.6733,141.8633,51.22,70,87,12.71,overcast clouds
149,Sumbe,AO,2022-05-12 05:55:27,-11.2061,13.8437,74.35,87,24,4.0,few clouds
150,Pringsewu,ID,2022-05-12 05:55:27,-5.3582,104.9744,89.28,65,98,2.08,light rain
151,Ribeira Grande,PT,2022-05-12 05:55:28,38.5167,-28.7,58.96,75,95,6.06,overcast clouds
152,Port-Gentil,GA,2022-05-12 05:55:28,-0.7193,8.7815,75.16,94,40,8.05,light rain
153,Tura,IN,2022-05-12 05:55:29,25.5198,90.2201,81.41,77,53,6.78,broken clouds
154,Kansanshi,ZM,2022-05-12 05:55:30,-12.0951,26.4273,64.45,67,95,5.48,overcast clouds
155,Grand Gaube,MU,2022-05-12 05:55:30,-20.0064,57.6608,80.38,76,7,3.0,clear sky
156,Bondowoso,ID,2022-05-12 05:55:31,-7.9135,113.8214,82.6,83,100,3.11,overcast clouds
157,Hobart,AU,2022-05-12 05:54:39,-42.8794,147.3294,59.25,83,0,4.61,light rain
158,Kudahuvadhoo,MV,2022-05-12 05:55:31,2.6708,72.8944,83.26,79,77,17.58,broken clouds
159,Lavrentiya,RU,2022-05-12 05:55:32,65.5833,-171.0,33.1,94,97,7.31,overcast clouds
160,Bengkulu,ID,2022-05-12 05:55:32,-3.8004,102.2655,82.63,72,92,20.85,overcast clouds
161,Devrek,TR,2022-05-12 05:55:33,41.2192,31.9558,54.45,48,19,1.34,few clouds
162,Emba,KZ,2022-05-12 05:54:17,48.8264,58.1442,52.39,68,100,9.78,overcast clouds
163,Quatre Cocos,MU,2022-05-12 05:55:34,-20.2078,57.7625,80.1,72,56,4.7,light rain
164,Longyearbyen,SJ,2022-05-12 05:55:34,78.2186,15.6401,21.04,68,0,16.11,clear sky
165,Nikolskoye,RU,2022-05-12 05:55:35,59.7035,30.7861,54.88,69,100,7.02,light rain
166,Torbay,CA,2022-05-12 05:55:35,47.6666,-52.7314,49.39,91,100,20.71,overcast clouds
167,Cayenne,GF,2022-05-12 05:55:36,4.9333,-52.3333,82.09,1,75,10.0,broken clouds
168,Storforshei,NO,2022-05-12 05:55:36,66.4043,14.5233,41.67,100,75,2.3,broken clouds
169,Janauba,BR,2022-05-12 05:54:13,-15.8025,-43.3089,64.11,51,82,2.98,broken clouds
170,Reo,BF,2022-05-12 05:55:37,12.3167,-2.4667,83.62,51,69,11.56,broken clouds
171,Pilar,BR,2022-05-12 05:55:37,-9.5972,-35.9567,73.33,94,27,2.37,light rain
172,Kitimat,CA,2022-05-12 05:55:38,54.0524,-128.6534,48.58,30,100,0.65,overcast clouds
173,Blackfoot,US,2022-05-12 05:55:38,43.1905,-112.345,49.71,64,84,11.72,broken clouds
174,Fare,PF,2022-05-12 05:55:39,-16.7,-151.0167,81.66,77,50,16.55,light rain
175,Vao,NC,2022-05-12 05:55:40,-22.6667,167.4833,73.35,68,100,29.19,overcast clouds
176,Rawson,AR,2022-05-12 05:55:40,-43.3002,-65.1023,53.89,66,75,20.71,broken clouds
177,Ulety,RU,2022-05-12 05:55:41,51.3572,112.4849,49.62,44,100,14.65,light rain
178,Basco,PH,2022-05-12 05:55:41,20.4487,121.9702,84.15,76,78,12.53,broken clouds
179,Banepa,NP,2022-05-12 05:55:42,27.6298,85.5214,79.12,54,40,5.75,scattered clouds
180,Kathmandu,NP,2022-05-12 05:53:26,27.7167,85.3167,80.82,50,40,3.44,scattered clouds
181,Tuatapere,NZ,2022-05-12 05:55:42,-46.1333,167.6833,52.72,82,100,5.32,light rain
182,Sola,VU,2022-05-12 05:56:43,-13.8833,167.55,76.82,92,100,18.37,light rain
183,Krasnoselkup,RU,2022-05-12 05:56:43,65.7,82.4667,38.79,100,100,2.84,overcast clouds
184,Hithadhoo,MV,2022-05-12 05:56:44,-0.6,73.0833,82.45,77,100,12.12,overcast clouds
185,Gobabis,NA,2022-05-12 05:56:44,-22.45,18.9667,57.85,33,8,3.53,clear sky
186,Oktyabrskiy,RU,2022-05-12 05:56:45,54.4815,53.471,52.88,66,85,17.52,overcast clouds
187,Ust-Maya,RU,2022-05-12 05:56:45,60.4167,134.5333,48.13,50,65,6.98,broken clouds
188,Tezu,IN,2022-05-12 05:56:46,27.9167,96.1667,81.1,72,95,0.81,overcast clouds
189,Zhigansk,RU,2022-05-12 05:56:46,66.7697,123.3711,35.55,100,100,11.72,overcast clouds
190,Constitucion,CL,2022-05-12 05:56:47,-35.3333,-72.4167,56.44,57,100,3.56,overcast clouds
191,Port Macquarie,AU,2022-05-12 05:56:47,-31.4333,152.9167,67.89,86,100,14.61,moderate rain
192,Marti,CU,2022-05-12 05:56:48,22.9475,-80.9203,72.54,75,3,3.4,clear sky
193,Qaqortoq,GL,2022-05-12 05:56:48,60.7167,-46.0333,31.53,89,100,12.97,light snow
194,Soe,ID,2022-05-12 05:56:49,-9.8607,124.284,83.17,50,79,5.77,broken clouds
195,Padang,ID,2022-05-12 05:56:49,-0.9492,100.3543,86.05,65,99,3.22,overcast clouds
196,Bilibino,RU,2022-05-12 05:56:50,68.0546,166.4372,27.84,88,100,11.81,overcast clouds
197,Puerto Ayora,EC,2022-05-12 05:56:50,-0.7393,-90.3518,71.55,96,19,7.14,few clouds
198,Bathsheba,BB,2022-05-12 05:56:51,13.2167,-59.5167,81.21,74,40,18.41,scattered clouds
199,Airai,TL,2022-05-12 05:56:52,-8.9266,125.4092,72.05,69,79,1.83,broken clouds
200,Rabak,SD,2022-05-12 05:56:52,13.1809,32.74,97.03,12,85,13.33,overcast clouds
201,Aldan,RU,2022-05-12 05:56:53,58.6031,125.3894,34.34,95,100,10.65,overcast clouds
202,Ngunguru,NZ,2022-05-12 05:56:54,-35.6167,174.5,55.81,65,0,7.09,clear sky
203,Kingman,US,2022-05-12 05:56:53,35.1894,-114.053,58.48,9,0,1.99,clear sky
204,Castle Bruce,DM,2022-05-12 05:56:54,15.4333,-61.2667,78.22,82,93,14.67,overcast clouds
205,Necochea,AR,2022-05-12 05:56:55,-38.5473,-58.7368,46.44,81,98,6.31,overcast clouds
206,Huarmey,PE,2022-05-12 05:56:55,-10.0681,-78.1522,64.17,89,39,6.93,scattered clouds
207,Oussouye,SN,2022-05-12 05:56:56,12.485,-16.5469,70.92,90,22,6.64,few clouds
208,Yuksekova,TR,2022-05-12 05:56:56,37.5736,44.2872,50.7,49,30,5.97,scattered clouds
209,Port Lincoln,AU,2022-05-12 05:56:57,-34.7333,135.8667,63.9,64,15,5.64,few clouds
210,Uchiza,PE,2022-05-12 05:56:57,-8.4592,-76.4633,69.93,99,73,1.99,broken clouds
211,Lagos,NG,2022-05-12 05:56:58,6.5833,3.75,77.32,90,72,1.63,broken clouds
212,Chuy,UY,2022-05-12 05:56:58,-33.6971,-53.4616,52.9,80,71,7.63,broken clouds
213,Pavlivka,UA,2022-05-12 05:56:59,49.4414,28.4596,61.39,70,94,9.31,overcast clouds
214,Nago,JP,2022-05-12 05:56:59,26.5881,127.9761,84.63,73,46,13.33,moderate rain
215,Farmington,US,2022-05-12 05:57:00,36.7281,-108.2187,63.7,22,98,3.0,overcast clouds
216,Khani,GE,2022-05-12 05:57:00,41.9563,42.9566,49.57,70,41,4.07,scattered clouds
217,Alofi,NU,2022-05-12 05:57:01,-19.0595,-169.9187,78.69,89,43,3.44,scattered clouds
218,Opuwo,NA,2022-05-12 05:57:01,-18.0607,13.84,62.08,32,0,4.65,clear sky
219,East Retford,GB,2022-05-12 05:57:02,53.3221,-0.9432,50.85,80,0,10.36,clear sky
220,Aklavik,CA,2022-05-12 05:57:02,68.2191,-135.0107,36.19,84,49,8.03,scattered clouds
221,La Asuncion,VE,2022-05-12 05:57:03,11.0333,-63.8628,78.53,89,30,19.57,scattered clouds
222,Dickson,US,2022-05-12 05:54:02,36.077,-87.3878,73.72,97,100,0.0,overcast clouds
223,Saint-Francois,FR,2022-05-12 05:57:04,46.4154,3.9054,56.64,88,0,2.3,clear sky
224,Fuengirola,ES,2022-05-12 05:57:04,36.54,-4.6247,67.68,53,0,10.36,clear sky
225,Tasiilaq,GL,2022-05-12 05:57:05,65.6145,-37.6368,13.03,84,77,6.4,broken clouds
226,Arkhangelsk,RU,2022-05-12 05:57:05,64.5401,40.5433,55.51,47,40,6.71,scattered clouds
227,Camocim,BR,2022-05-12 05:57:05,-2.9022,-40.8411,75.74,90,92,6.29,overcast clouds
228,Mana,GF,2022-05-12 05:57:06,5.6592,-53.7767,76.37,90,16,10.6,few clouds
229,Novosil,RU,2022-05-12 05:57:06,52.9739,37.0405,55.44,73,100,10.92,overcast clouds
230,Vostok,RU,2022-05-12 05:58:07,46.4856,135.8833,55.56,33,78,10.69,broken clouds
231,Altay,CN,2022-05-12 05:58:07,47.8667,88.1167,63.16,26,85,9.28,overcast clouds
232,Hovd,MN,2022-05-12 05:58:08,48.0056,91.6419,48.63,16,48,8.95,scattered clouds
233,Roma,US,2022-05-12 05:58:08,43.2128,-75.4557,58.73,77,11,3.98,few clouds
234,Caramay,PH,2022-05-12 05:58:09,10.1815,119.236,86.31,69,50,7.78,scattered clouds
235,Knysna,ZA,2022-05-12 05:58:10,-34.0363,23.0471,55.92,79,0,3.13,clear sky
236,Kutum,SD,2022-05-12 05:58:10,14.2,24.6667,84.81,10,100,15.43,overcast clouds
237,Kruisfontein,ZA,2022-05-12 05:58:11,-34.0033,24.7314,53.94,81,0,3.42,clear sky
238,Esperance,AU,2022-05-12 05:58:11,-33.8667,121.9,64.35,80,100,9.75,overcast clouds
239,Deputatskiy,RU,2022-05-12 05:58:12,69.3,139.9,30.29,98,96,4.16,light snow
240,Souillac,MU,2022-05-12 05:58:12,-20.5167,57.5167,79.18,78,40,6.91,light rain
241,Lazaro Cardenas,MX,2022-05-12 05:58:13,17.9583,-102.2,78.13,78,99,2.98,overcast clouds
242,Buala,SB,2022-05-12 05:58:13,-8.145,159.5921,82.87,77,100,4.29,light rain
243,Rasskazovo,RU,2022-05-12 05:58:14,52.6714,41.9033,53.37,70,100,12.39,overcast clouds
244,Khatanga,RU,2022-05-12 05:58:14,71.9667,102.5,26.11,83,71,16.26,broken clouds
245,Eyl,SO,2022-05-12 05:58:15,7.9803,49.8164,90.91,51,16,13.94,few clouds
246,Marawi,PH,2022-05-12 05:58:15,7.9986,124.2928,78.42,84,47,4.72,scattered clouds
247,Mecca,SA,2022-05-12 05:56:02,21.4267,39.8261,102.45,5,0,12.93,clear sky
248,Morondava,MG,2022-05-12 05:58:16,-20.2833,44.2833,74.86,56,0,5.14,clear sky
249,Umm Kaddadah,SD,2022-05-12 05:58:16,13.6017,26.6876,88.43,8,43,10.63,scattered clouds
250,Arraial Do Cabo,BR,2022-05-12 05:58:17,-22.9661,-42.0278,66.16,94,0,0.0,clear sky
251,Baglung,NP,2022-05-12 05:58:17,28.2719,83.5898,77.81,70,50,4.38,scattered clouds
252,Benoy,TD,2022-05-12 05:58:18,8.9833,16.3199,83.59,55,94,7.92,overcast clouds
253,Kuytun,RU,2022-05-12 05:58:18,54.3419,101.5036,60.35,22,0,4.27,clear sky
254,Makakilo City,US,2022-05-12 05:58:19,21.3469,-158.0858,75.56,71,100,12.66,light intensity drizzle
255,Nenjiang,CN,2022-05-12 05:58:19,49.1833,125.2167,51.1,28,99,7.31,overcast clouds
256,Zyryanskoye,RU,2022-05-12 05:58:20,56.8306,86.6258,66.51,22,74,12.21,broken clouds
257,Badvel,IN,2022-05-12 05:58:20,14.75,79.05,77.09,56,100,19.26,heavy intensity rain
258,Komsomolskiy,UZ,2022-05-12 05:58:21,40.4272,71.7189,72.32,56,1,2.3,clear sky
259,Anloga,GH,2022-05-12 05:58:21,5.7947,0.8973,82.15,82,75,9.04,broken clouds
260,Daru,PG,2022-05-12 05:58:22,-9.0763,143.2092,83.62,81,97,6.67,moderate rain
261,Kaitangata,NZ,2022-05-12 05:58:22,-46.2817,169.8464,50.86,79,92,5.5,overcast clouds
262,Kotli Loharan,PK,2022-05-12 05:58:23,32.5883,74.4932,107.49,15,1,9.69,clear sky
263,Belmonte,BR,2022-05-12 05:58:23,-15.8631,-38.8828,73.18,86,30,4.85,scattered clouds
264,Ashqelon,IL,2022-05-12 05:58:24,31.6693,34.5715,69.69,63,1,1.63,clear sky
265,Jinchang,CN,2022-05-12 05:58:24,38.4953,102.1739,52.86,60,100,6.76,overcast clouds
266,Oriximina,BR,2022-05-12 05:58:25,-1.7656,-55.8661,74.98,91,68,3.65,broken clouds
267,Puerto Escondido,MX,2022-05-12 05:56:14,15.85,-97.0667,82.69,72,4,9.01,clear sky
268,Nelson Bay,AU,2022-05-12 05:58:25,-32.7167,152.15,70.0,94,100,1.01,light rain
269,Bridlington,GB,2022-05-12 05:58:26,54.0831,-0.1919,50.9,88,12,13.2,few clouds
270,Gannan,CN,2022-05-12 05:58:26,47.9147,123.5031,54.0,24,68,8.97,broken clouds
271,Port Moresby,PG,2022-05-12 05:58:27,-9.4431,147.1797,81.82,78,40,11.5,scattered clouds
272,Salekhard,RU,2022-05-12 05:58:27,66.53,66.6019,35.94,100,96,1.12,overcast clouds
273,Beloha,MG,2022-05-12 05:58:28,-25.1667,45.05,70.48,63,0,9.22,clear sky
274,Camacha,PT,2022-05-12 05:58:28,33.0833,-16.3333,62.02,88,40,13.8,scattered clouds
275,Salalah,OM,2022-05-12 05:58:29,17.0151,54.0924,97.38,15,52,20.29,broken clouds
276,Pendleton,US,2022-05-12 05:56:55,45.6721,-118.7886,48.4,62,38,5.01,scattered clouds
277,Pisco,PE,2022-05-12 05:58:29,-13.7,-76.2167,60.03,94,0,3.44,clear sky
278,Shaoyang,CN,2022-05-12 05:58:30,27.2315,111.4525,63.27,92,100,3.06,overcast clouds
279,Plettenberg Bay,ZA,2022-05-12 05:59:30,-34.0527,23.3716,55.98,79,0,2.84,clear sky
280,Gillette,US,2022-05-12 05:59:31,44.2911,-105.5022,49.12,85,100,14.97,overcast clouds
281,Lodwar,KE,2022-05-12 05:59:31,3.1191,35.5973,85.35,51,68,12.33,broken clouds
282,Oksbol,DK,2022-05-12 05:59:32,55.6268,8.2876,50.92,84,13,15.1,few clouds
283,Biak,ID,2022-05-12 05:59:32,-0.9131,122.8766,82.42,80,91,3.04,overcast clouds
284,Roald,NO,2022-05-12 05:59:33,62.5833,6.1333,47.91,93,75,19.57,broken clouds
285,Parkes,AU,2022-05-12 05:59:33,-33.1333,148.1833,63.36,87,100,1.99,light rain
286,Odweyne,SO,2022-05-12 05:59:34,9.4092,45.064,81.75,34,55,6.44,broken clouds
287,Saurimo,AO,2022-05-12 05:59:34,-9.6608,20.3916,68.59,60,95,4.79,overcast clouds
288,San Quintin,MX,2022-05-12 05:57:25,30.4833,-115.95,55.78,77,40,10.65,scattered clouds
289,Touros,BR,2022-05-12 05:59:35,-5.1989,-35.4608,72.16,95,100,8.97,overcast clouds
290,Dicabisagan,PH,2022-05-12 05:59:35,17.0818,122.4157,86.99,66,16,12.12,few clouds
291,Samana,DO,2022-05-12 05:59:36,19.2056,-69.3369,77.0,84,100,6.51,overcast clouds
292,Nakasongola,UG,2022-05-12 05:59:36,1.3089,32.4564,72.91,74,58,3.96,broken clouds
293,Cabo San Lucas,MX,2022-05-12 05:59:37,22.8909,-109.9124,78.51,66,61,5.55,broken clouds
294,Mao,ES,2022-05-12 05:59:37,39.8885,4.2658,61.36,100,13,5.75,fog
295,Umtata,ZA,2022-05-12 05:59:38,-31.5889,28.7844,50.56,93,0,3.44,clear sky
296,Moultonborough,US,2022-05-12 05:59:38,43.7548,-71.3967,51.51,85,3,2.84,clear sky
297,Mananjary,MG,2022-05-12 05:59:39,-21.2167,48.3333,73.24,76,87,5.86,light rain
298,Saldanha,ZA,2022-05-12 05:54:40,-33.0117,17.9442,48.25,82,0,3.15,clear sky
299,Mount Isa,AU,2022-05-12 05:59:40,-20.7333,139.5,74.97,50,40,11.5,scattered clouds
300,Igarka,RU,2022-05-12 05:59:40,67.4667,86.5833,33.46,100,100,4.32,overcast clouds
301,Oktyabrskoye,RU,2022-05-12 05:59:40,43.0645,44.7417,51.94,66,75,2.24,broken clouds
302,Eureka,US,2022-05-12 05:59:41,40.8021,-124.1637,47.57,86,93,3.22,overcast clouds
303,Kirakira,SB,2022-05-12 05:59:41,-10.4544,161.9205,82.99,77,92,4.07,overcast clouds
304,Palu,ID,2022-05-12 05:59:42,-0.8917,119.8707,88.3,73,90,4.23,overcast clouds
305,Baraboo,US,2022-05-12 05:59:42,43.4711,-89.7443,77.14,80,40,11.5,scattered clouds
306,Jiaojiang,CN,2022-05-12 05:59:43,28.6803,121.4428,70.0,97,100,1.92,overcast clouds
307,Clyde River,CA,2022-05-12 05:59:43,70.4692,-68.5914,17.83,93,100,21.85,light snow
308,Ancud,CL,2022-05-12 05:59:44,-41.8697,-73.8203,50.77,90,100,13.15,light rain
309,Chapais,CA,2022-05-12 05:59:44,49.7834,-74.8492,37.18,58,37,4.21,scattered clouds
310,Dingle,PH,2022-05-12 05:59:45,10.9995,122.6711,91.6,55,76,9.6,broken clouds
311,Saskylakh,RU,2022-05-12 05:59:45,71.9167,114.0833,28.58,89,55,15.97,light snow
312,Sao Jose Da Coroa Grande,BR,2022-05-12 05:59:46,-8.8978,-35.1478,74.84,87,34,2.68,scattered clouds
313,Zhuhai,CN,2022-05-12 05:59:46,22.2769,113.5678,80.85,94,40,14.97,thunderstorm with light rain
314,Tahoua,NE,2022-05-12 05:59:47,14.8888,5.2692,81.93,48,6,10.31,clear sky
315,Karratha,AU,2022-05-12 05:59:47,-20.7377,116.8463,82.44,38,37,15.39,scattered clouds
316,Caravelas,BR,2022-05-12 05:59:48,-17.7125,-39.2481,69.76,92,42,6.49,scattered clouds
317,Namibe,AO,2022-05-12 05:59:48,-15.1961,12.1522,72.39,64,1,4.34,clear sky
318,Brighton,GB,2022-05-12 05:58:55,50.8284,-0.1395,51.8,93,76,4.0,broken clouds
319,Olafsvik,IS,2022-05-12 05:59:49,64.8945,-23.7142,34.83,91,100,31.63,snow
320,Pangnirtung,CA,2022-05-12 05:59:49,66.1451,-65.7125,10.78,78,78,6.69,broken clouds
321,Parabel,RU,2022-05-12 05:59:50,58.6978,81.4825,63.88,29,100,8.3,overcast clouds
322,Bay Roberts,CA,2022-05-12 05:59:50,47.5999,-53.2648,50.14,89,61,10.0,broken clouds
323,Urgut,UZ,2022-05-12 05:59:51,39.4022,67.2431,71.22,43,11,4.92,few clouds
324,Simao,CN,2022-05-12 05:59:52,22.7886,100.9748,76.5,69,97,5.46,overcast clouds
325,Vazante,BR,2022-05-12 05:59:52,-17.9869,-46.9078,63.93,66,82,2.35,broken clouds
326,Orlik,RU,2022-05-12 05:59:53,52.5178,99.825,47.62,21,0,3.18,clear sky
327,Arecibo,PR,2022-05-12 05:59:53,18.4724,-66.7157,80.01,88,100,3.91,overcast clouds
328,Denpasar,ID,2022-05-12 05:56:02,-8.65,115.2167,87.46,74,20,3.44,few clouds
329,Jizan,SA,2022-05-12 06:01:06,17.3333,42.6667,91.67,50,2,4.54,clear sky
330,Ongandjera,NA,2022-05-12 06:01:09,-17.8833,15.0667,61.48,38,0,6.6,clear sky
331,Chitipa,MW,2022-05-12 06:01:12,-9.7024,33.2697,66.15,77,8,7.36,clear sky
332,Dodge City,US,2022-05-12 06:01:13,37.7528,-100.0171,74.23,78,68,7.0,broken clouds
333,Behshahr,IR,2022-05-12 06:01:13,36.6923,53.5526,65.89,68,63,7.11,broken clouds
334,Yeppoon,AU,2022-05-12 06:01:14,-23.1333,150.7333,74.98,87,100,9.62,heavy intensity rain
335,Lagoa,PT,2022-05-12 06:01:15,39.05,-27.9833,58.03,75,88,8.86,light rain
336,Grand Island,US,2022-05-12 06:01:15,40.925,-98.342,77.38,75,72,5.99,broken clouds
337,Atar,MR,2022-05-12 06:01:16,20.5169,-13.0499,83.16,26,14,9.26,few clouds
338,Ulaanbaatar,MN,2022-05-12 05:59:57,47.9077,106.8832,44.73,24,40,20.13,scattered clouds
339,Baoro,CF,2022-05-12 06:01:16,5.6667,15.9667,70.32,88,81,3.53,broken clouds
340,Tombouctou,ML,2022-05-12 06:01:17,20.0,-3.0,80.62,10,0,11.18,clear sky
341,Batemans Bay,AU,2022-05-12 06:01:17,-35.7167,150.1833,62.1,96,100,3.24,moderate rain
342,Prince Rupert,CA,2022-05-12 05:59:24,54.3161,-130.3201,47.89,85,100,5.75,overcast clouds
343,Urengoy,RU,2022-05-12 06:01:18,65.9667,78.3667,38.35,100,100,7.25,overcast clouds
344,Hamilton,US,2022-05-12 05:58:43,39.1834,-84.5333,67.01,64,29,4.34,scattered clouds
345,Srednekolymsk,RU,2022-05-12 06:01:19,67.45,153.6833,33.8,98,62,7.99,broken clouds
346,Chernyshevskiy,RU,2022-05-12 06:01:20,63.0128,112.4714,42.76,93,99,9.35,overcast clouds
347,Carndonagh,IE,2022-05-12 06:01:20,55.25,-7.2667,46.02,78,100,7.43,overcast clouds
348,Kalmunai,LK,2022-05-12 06:01:21,7.4167,81.8167,90.95,50,60,1.66,broken clouds
349,Sarh,TD,2022-05-12 06:01:21,9.1429,18.3923,83.8,53,100,8.59,overcast clouds
350,Havre-Saint-Pierre,CA,2022-05-12 06:01:22,50.2334,-63.5986,41.18,92,51,11.81,broken clouds
351,Moose Factory,CA,2022-05-12 06:01:22,51.2585,-80.6094,54.99,49,56,5.03,broken clouds
352,Mahebourg,MU,2022-05-12 06:01:23,-20.4081,57.7,80.26,73,25,3.18,light rain
353,Sainte-Suzanne,RE,2022-05-12 06:01:23,-20.9061,55.6089,83.46,70,0,4.61,clear sky
354,Rumoi,JP,2022-05-12 06:01:24,43.9344,141.6428,58.42,73,78,3.8,broken clouds
355,Nantucket,US,2022-05-12 05:59:37,41.2835,-70.0995,50.14,95,100,12.86,overcast clouds
356,Tucuman,AR,2022-05-12 06:01:25,-26.8241,-65.2226,63.59,81,97,0.76,overcast clouds
357,Pamekasan,ID,2022-05-12 06:01:25,-7.1568,113.4746,86.13,70,100,0.67,overcast clouds
358,Coihaique,CL,2022-05-12 06:01:26,-45.5752,-72.0662,40.66,97,97,3.04,overcast clouds
359,Kovvur,IN,2022-05-12 06:01:26,17.0167,81.7333,91.65,70,75,11.5,broken clouds
360,Mayahi,NE,2022-05-12 06:01:27,13.9553,7.6712,85.3,46,62,3.29,broken clouds
361,Nsoko,SZ,2022-05-12 06:01:27,-27.0333,31.95,68.05,72,4,3.06,clear sky
362,Baruun-Urt,MN,2022-05-12 06:01:28,46.6806,113.2792,44.51,25,62,16.22,broken clouds
363,Hobyo,SO,2022-05-12 06:01:28,5.3505,48.5268,87.24,61,81,19.64,broken clouds
364,Marzuq,YE,2022-05-12 06:01:29,14.4,46.4667,87.78,15,66,9.19,broken clouds
365,Kendari,ID,2022-05-12 06:01:29,-3.945,122.4989,84.0,78,87,4.21,overcast clouds
366,Dinar,TR,2022-05-12 06:01:30,38.065,30.1656,53.56,46,0,3.62,clear sky
367,Borda Da Mata,BR,2022-05-12 06:01:30,-22.2742,-46.1653,58.37,96,79,1.97,broken clouds
368,Avera,US,2022-05-12 06:01:31,33.194,-82.5271,60.39,58,0,7.23,clear sky
369,Fort Myers Beach,US,2022-05-12 06:01:32,26.452,-81.9481,71.06,75,0,6.91,clear sky
370,Manta,EC,2022-05-12 05:58:36,-0.95,-80.7333,76.78,83,100,8.05,overcast clouds
371,Senanga,ZM,2022-05-12 06:01:32,-16.1167,23.2667,63.63,49,0,4.21,clear sky
372,Bac Lieu,VN,2022-05-12 06:01:33,9.285,105.7244,89.49,61,51,9.37,broken clouds
373,Imeni Poliny Osipenko,RU,2022-05-12 06:01:33,52.4201,136.4853,37.99,90,100,11.41,light rain
374,Nicolas Bravo,MX,2022-05-12 06:02:34,18.45,-88.9167,71.1,98,51,2.24,broken clouds
375,Lata,PT,2022-05-12 06:02:34,40.1629,-8.3327,56.55,70,100,1.9,overcast clouds
376,Skjervoy,NO,2022-05-12 06:02:35,70.0311,20.9714,39.2,97,100,8.5,overcast clouds
377,Turayf,SA,2022-05-12 06:02:35,31.6725,38.6637,67.19,29,0,8.05,clear sky
378,Zhezkazgan,KZ,2022-05-12 06:02:36,47.8043,67.7144,66.18,39,0,6.71,clear sky
379,Bako,ET,2022-05-12 06:02:36,5.7833,36.5667,73.24,65,71,2.24,light rain
380,Cabedelo,BR,2022-05-12 06:02:37,-6.9811,-34.8339,77.67,84,98,5.7,overcast clouds
381,San Pedro,PH,2022-05-12 06:02:37,14.35,121.0167,93.34,56,94,3.71,overcast clouds
382,Bon Accord,CA,2022-05-12 06:02:38,53.8335,-113.4187,50.76,73,99,7.09,overcast clouds
383,Dharchula,IN,2022-05-12 06:02:38,29.85,80.5333,80.29,59,77,2.37,broken clouds
384,Itarema,BR,2022-05-12 06:02:39,-2.9248,-39.9167,76.55,89,92,6.91,overcast clouds
385,Gerash,IR,2022-05-12 06:02:39,27.6652,54.1371,88.52,8,0,2.44,clear sky
386,Beringovskiy,RU,2022-05-12 06:02:40,63.05,179.3167,39.09,79,50,7.07,scattered clouds
387,Sinnamary,GF,2022-05-12 06:02:40,5.3833,-52.95,77.05,88,28,12.3,scattered clouds
388,Miles City,US,2022-05-12 06:02:41,46.4083,-105.8406,49.17,87,75,13.8,broken clouds
389,Taltal,CL,2022-05-12 06:00:32,-25.4,-70.4833,59.09,83,17,2.66,few clouds
390,Saint-Georges,GD,2022-05-12 06:02:41,12.0564,-61.7485,79.14,75,81,15.05,broken clouds
391,Terrace,CA,2022-05-12 06:02:42,54.5163,-128.6035,42.57,88,99,1.48,overcast clouds
392,Vila Franca Do Campo,PT,2022-05-12 06:02:42,37.7167,-25.4333,59.41,73,71,8.59,broken clouds
393,Batagay,RU,2022-05-12 06:02:43,67.6333,134.6333,42.39,83,100,10.54,overcast clouds
394,Derzhavinsk,KZ,2022-05-12 06:02:43,51.1,66.3167,61.12,31,0,1.99,clear sky
395,Yaan,NG,2022-05-12 06:02:44,7.3833,8.5667,74.98,90,100,7.25,overcast clouds
396,Chegdomyn,RU,2022-05-12 06:02:44,51.1167,133.0167,53.67,38,92,5.75,overcast clouds
397,Klyuchi,RU,2022-05-12 06:02:45,52.2667,79.1667,69.21,20,100,2.13,overcast clouds
398,Villa Carlos Paz,AR,2022-05-12 06:02:45,-31.4241,-64.4978,56.39,49,85,1.99,overcast clouds
399,Smiltene,LV,2022-05-12 06:02:46,57.4244,25.9016,52.56,94,97,5.5,overcast clouds
400,Palana,RU,2022-05-12 06:02:46,59.1167,159.9667,35.01,83,92,2.35,overcast clouds
401,Billings,US,2022-05-12 06:00:08,45.7833,-108.5007,49.51,92,56,7.38,broken clouds
402,Norman Wells,CA,2022-05-12 06:02:47,65.282,-126.8329,39.65,70,92,4.63,overcast clouds
403,Kapit,MY,2022-05-12 06:02:48,2.0167,112.9333,93.29,48,46,2.98,scattered clouds
404,Greenville,US,2022-05-12 06:02:48,35.6127,-77.3663,61.14,93,100,11.5,overcast clouds
405,Half Moon Bay,US,2022-05-12 06:02:49,37.4636,-122.4286,52.25,77,0,12.66,clear sky
406,Plaster Rock,CA,2022-05-12 06:02:49,46.9065,-67.39,57.72,70,57,1.59,broken clouds
407,Likasi,CD,2022-05-12 06:00:27,-10.9814,26.7333,64.04,69,50,3.87,scattered clouds
408,Kingaroy,AU,2022-05-12 06:02:50,-26.5333,151.8333,65.3,93,100,8.43,overcast clouds
409,Stephenville,US,2022-05-12 06:02:44,32.2207,-98.2023,77.86,69,0,8.05,clear sky
410,Antalaha,MG,2022-05-12 06:02:51,-14.9003,50.2788,80.58,67,7,7.05,clear sky
411,Mattru,SL,2022-05-12 06:02:51,7.6244,-11.8332,75.92,96,28,1.03,light rain
412,Ilo,PE,2022-05-12 06:02:52,-17.6394,-71.3375,63.66,85,29,6.08,scattered clouds
413,Lasa,IT,2022-05-12 06:02:52,46.6166,10.7002,56.7,87,73,1.05,broken clouds
414,Nyurba,RU,2022-05-12 06:02:53,63.2842,118.3319,50.58,74,85,11.1,light rain
415,Springbok,ZA,2022-05-12 06:02:54,-29.6643,17.8865,48.31,79,0,0.89,clear sky
416,Manado,ID,2022-05-12 06:02:54,1.487,124.8455,88.57,70,40,5.75,scattered clouds
417,Oyem,GA,2022-05-12 06:02:55,1.5995,11.5793,68.13,98,99,0.38,overcast clouds
418,Maceio,BR,2022-05-12 06:02:55,-9.6658,-35.7353,74.64,94,40,3.44,scattered clouds
419,Gazanjyk,TM,2022-05-12 06:02:56,39.2446,55.5154,71.35,46,87,10.09,overcast clouds
420,Broome,US,2022-05-12 06:02:56,42.2506,-75.833,58.55,58,1,2.3,clear sky
421,Bambous Virieux,MU,2022-05-12 06:02:57,-20.3428,57.7575,80.22,73,44,4.21,light rain
422,Tugulym,RU,2022-05-12 06:03:58,57.0591,64.6425,59.32,41,59,10.02,broken clouds
423,Gualeguaychu,AR,2022-05-12 06:03:58,-33.0094,-58.5172,49.89,89,32,6.15,scattered clouds
424,Vila Velha,BR,2022-05-12 06:01:23,-20.3297,-40.2925,70.9,75,97,9.06,overcast clouds
425,Novo Aripuana,BR,2022-05-12 06:03:59,-5.1206,-60.3797,76.82,82,94,1.63,overcast clouds
426,La Ronge,CA,2022-05-12 06:03:10,55.1001,-105.2842,40.82,79,87,1.88,overcast clouds
427,Jeremie,HT,2022-05-12 06:04:00,18.65,-74.1167,77.13,80,100,2.82,overcast clouds
428,Mezen,RU,2022-05-12 06:04:00,65.8522,44.24,52.63,60,100,8.66,overcast clouds
429,Tres Arroyos,AR,2022-05-12 06:04:01,-38.3739,-60.2798,45.05,73,91,6.55,overcast clouds
430,Samfya,ZM,2022-05-12 06:04:01,-11.3649,29.5565,65.89,67,65,7.4,broken clouds
431,Negombo,LK,2022-05-12 06:04:02,7.2083,79.8358,89.65,74,40,12.66,scattered clouds
432,Kushmurun,KZ,2022-05-12 06:04:03,52.4503,64.6311,60.64,29,0,4.65,clear sky
433,Soubre,CI,2022-05-12 06:04:03,5.7856,-6.6083,73.38,99,90,1.79,overcast clouds
434,Pemba,MZ,2022-05-12 06:04:04,-12.974,40.5178,75.22,75,2,11.9,clear sky
435,Dunedin,NZ,2022-05-12 06:04:04,-45.8742,170.5036,55.8,60,51,1.99,broken clouds
436,Barela,IN,2022-05-12 06:03:05,23.1,80.05,99.41,34,2,11.5,haze
437,Vestmannaeyjar,IS,2022-05-12 06:04:05,63.4427,-20.2734,35.71,94,100,7.43,light rain
438,Buluang,PH,2022-05-12 06:04:06,13.3068,123.3425,90.59,54,58,4.03,broken clouds
439,Muskogee,US,2022-05-12 06:02:13,35.5834,-95.3336,71.02,84,87,5.5,overcast clouds
440,Aketi,CD,2022-05-12 06:04:07,2.7388,23.7833,71.78,97,100,0.92,overcast clouds
441,Lorengau,PG,2022-05-12 06:04:07,-2.0226,147.2712,84.9,67,10,7.47,clear sky
442,Jumla,NP,2022-05-12 06:03:05,29.2747,82.1838,69.62,58,81,6.24,broken clouds
443,Vanimo,PG,2022-05-12 06:04:08,-2.6741,141.3028,84.85,71,92,7.23,overcast clouds
444,Pueblo Nuevo,MX,2022-05-12 06:04:09,23.3833,-105.3833,59.72,52,60,6.46,broken clouds
445,Voyinka,UA,2022-05-12 06:04:09,45.8699,33.9914,62.58,44,37,6.78,scattered clouds
446,Krasnokamensk,RU,2022-05-12 06:04:10,50.0979,118.0369,44.82,32,91,12.55,overcast clouds
447,Shenjiamen,CN,2022-05-12 06:04:10,29.9576,122.298,64.18,97,100,3.4,overcast clouds
448,Dukat,RU,2022-05-12 06:04:11,62.55,155.55,34.86,80,9,1.19,clear sky
449,Antsohihy,MG,2022-05-12 06:04:11,-14.8796,47.9875,80.89,63,0,4.52,clear sky
450,Petropavlovsk-Kamchatskiy,RU,2022-05-12 06:04:12,53.0452,158.6483,45.19,71,75,13.42,light rain
451,Nanortalik,GL,2022-05-12 06:04:12,60.1432,-45.2371,32.25,88,100,10.85,light snow
452,Kavieng,PG,2022-05-12 06:04:13,-2.5744,150.7967,83.86,74,100,11.61,light rain
453,Simbahan,PH,2022-05-12 06:04:13,6.3032,120.5836,84.2,74,92,7.07,light rain
454,Kasempa,ZM,2022-05-12 06:01:31,-13.4584,25.8338,64.63,66,12,6.62,few clouds
455,Wanning,CN,2022-05-12 06:04:14,18.8003,110.3967,85.93,74,35,14.74,scattered clouds
456,Monrovia,LR,2022-05-12 06:03:17,6.3005,-10.7969,79.27,85,39,2.06,moderate rain
457,Kasongo-Lunda,CD,2022-05-12 06:04:15,-6.4667,16.8167,71.74,93,98,0.18,overcast clouds
458,Kem,RU,2022-05-12 06:04:15,64.9555,34.5793,49.93,75,73,8.77,broken clouds
459,Port-Cartier,CA,2022-05-12 06:04:16,50.0334,-66.8654,48.0,85,12,7.11,few clouds
460,Oyama,JP,2022-05-12 06:04:16,36.3,139.8,74.59,59,100,10.4,moderate rain
461,Fallon,US,2022-05-12 06:02:01,39.4735,-118.7774,47.77,28,44,4.68,scattered clouds
462,Karla,EE,2022-05-12 06:04:17,59.3723,24.9275,49.71,100,100,8.05,overcast clouds
463,Obo,CF,2022-05-12 06:04:17,5.3998,26.4869,71.19,91,100,5.23,overcast clouds
464,Fortuna,US,2022-05-12 06:04:18,40.5982,-124.1573,49.98,91,100,0.0,overcast clouds
465,Abu Samrah,SY,2022-05-12 06:04:19,35.3029,37.1841,67.64,39,0,13.11,clear sky
466,San Cristobal,VE,2022-05-12 06:04:19,7.7669,-72.225,66.83,96,96,2.21,overcast clouds
467,Turan,VN,2022-05-12 06:05:20,16.0678,108.2208,93.18,55,20,8.05,few clouds
468,Aksarka,RU,2022-05-12 06:05:20,66.5606,67.7975,37.04,100,100,1.81,overcast clouds
469,Amarante Do Maranhao,BR,2022-05-12 06:05:21,-5.5667,-46.7422,71.42,95,98,2.71,overcast clouds
470,Narsaq,GL,2022-05-12 06:05:21,60.9167,-46.05,41.22,86,100,11.97,light rain
471,Ahuimanu,US,2022-05-12 06:05:22,21.4447,-157.8378,78.51,76,100,14.97,overcast clouds
472,Silver City,US,2022-05-12 06:05:22,32.7701,-108.2803,62.56,15,0,9.22,clear sky
473,Staraya Poltavka,RU,2022-05-12 06:05:23,50.4772,46.4814,49.64,68,90,14.34,overcast clouds
474,Chicama,PE,2022-05-12 06:05:24,-7.8447,-79.1469,59.54,86,13,5.64,few clouds
475,Hanzhong,CN,2022-05-12 06:05:24,33.0728,107.0303,80.56,49,0,2.51,clear sky
476,Chimbote,PE,2022-05-12 06:05:25,-9.0853,-78.5783,62.4,94,42,5.66,scattered clouds
477,Ilek,RU,2022-05-12 06:05:25,51.5271,53.3831,50.43,75,97,24.61,light rain
478,Hay River,CA,2022-05-12 06:03:49,60.8156,-115.7999,30.16,89,47,5.03,scattered clouds
479,Coquimbo,CL,2022-05-12 06:05:26,-29.9533,-71.3436,55.13,94,100,4.61,overcast clouds
480,Byron Bay,AU,2022-05-12 06:05:26,-28.65,153.6167,69.71,75,100,14.65,light rain
481,Togul,RU,2022-05-12 06:05:27,53.465,85.9128,68.76,22,83,7.05,broken clouds
482,Tevaitoa,PF,2022-05-12 06:05:27,-16.7833,-151.5,82.11,76,91,16.64,overcast clouds
483,Ampanihy,MG,2022-05-12 06:05:28,-24.7,44.75,69.21,68,0,10.51,clear sky
484,Tocopilla,CL,2022-05-12 06:05:29,-22.092,-70.1979,63.36,73,6,3.13,clear sky
485,Naze,JP,2022-05-12 06:05:29,28.3667,129.4833,74.84,79,99,13.67,overcast clouds
486,Qasigiannguit,GL,2022-05-12 06:05:30,68.8193,-51.1922,21.45,77,14,6.44,few clouds
487,Kalispell,US,2022-05-12 06:05:22,48.1958,-114.3129,44.29,59,20,3.44,few clouds
488,Namalenga,TZ,2022-05-12 06:05:31,-10.95,39.1,73.38,74,3,2.71,clear sky
489,Luderitz,NA,2022-05-12 06:05:31,-26.6481,15.1594,56.46,69,0,10.67,clear sky
490,Awassa,ET,2022-05-12 06:05:32,7.05,38.4667,72.23,51,34,2.37,scattered clouds
491,Bokoro,TD,2022-05-12 06:05:32,12.3807,17.0568,92.25,33,42,6.82,scattered clouds
492,Manaure,CO,2022-05-12 06:05:33,11.7751,-72.4445,80.44,79,100,9.48,overcast clouds
493,Kahului,US,2022-05-12 06:05:33,20.8947,-156.47,77.02,67,40,16.11,scattered clouds
494,Cabo Rojo,PR,2022-05-12 06:05:34,18.0866,-67.1457,79.72,88,100,1.99,overcast clouds
495,Ushtobe,KZ,2022-05-12 06:05:35,45.2514,77.9838,77.5,29,67,2.73,broken clouds
496,Kodinsk,RU,2022-05-12 06:05:35,58.6881,99.1844,63.97,31,16,5.32,few clouds
497,Mumford,GH,2022-05-12 06:05:36,5.2618,-0.759,80.11,85,98,5.84,overcast clouds
498,Mehamn,NO,2022-05-12 06:05:36,71.0357,27.8492,37.31,99,100,5.84,overcast clouds
499,Marathon,US,2022-05-12 06:05:02,44.9,-89.7668,67.19,92,75,12.66,broken clouds
500,Geraldton,AU,2022-05-12 06:05:37,-28.7667,114.6,64.81,94,75,11.5,moderate rain
501,Tamiahua,MX,2022-05-12 06:05:38,21.2667,-97.45,77.56,86,1,2.95,clear sky
502,Kautokeino,NO,2022-05-12 06:05:38,69.0125,23.0412,36.41,97,99,4.88,overcast clouds
503,Yerbogachen,RU,2022-05-12 06:05:39,61.2767,108.0108,58.89,47,88,12.97,overcast clouds
504,Inhambane,MZ,2022-05-12 06:05:39,-23.865,35.3833,73.96,71,32,3.8,scattered clouds
505,Kashary,RU,2022-05-12 06:05:40,49.04,41.0056,58.86,57,92,16.67,overcast clouds
506,Zaysan,KZ,2022-05-12 06:05:41,47.4667,84.8667,71.28,23,67,7.83,broken clouds
507,Valparaiso,CL,2022-05-12 06:05:41,-33.0393,-71.6273,55.47,90,100,2.3,fog
508,Cockburn Town,TC,2022-05-12 06:05:42,21.4612,-71.1419,79.65,73,100,2.91,overcast clouds
509,Aden,YE,2022-05-12 06:05:43,12.7794,45.0367,86.09,64,21,11.16,few clouds
510,Bonfim,BR,2022-05-12 06:05:43,3.0833,-59.95,77.65,74,16,6.64,few clouds
511,Pontes E Lacerda,BR,2022-05-12 06:05:44,-15.2261,-59.3353,68.7,87,95,2.75,overcast clouds
512,Gazli,UZ,2022-05-12 06:05:45,40.1333,63.45,84.0,17,47,12.17,scattered clouds
513,Palimbang,PH,2022-05-12 06:06:45,6.2106,124.1894,84.18,81,86,5.48,overcast clouds
514,Port Blair,IN,2022-05-12 06:06:46,11.6667,92.75,78.84,89,100,3.44,overcast clouds
515,Ayagoz,KZ,2022-05-12 06:06:46,47.9714,80.4392,71.62,31,9,3.06,clear sky
516,Bonavista,CA,2022-05-12 06:06:47,48.6499,-53.1147,44.44,94,30,17.43,scattered clouds
517,Henties Bay,NA,2022-05-12 06:06:48,-22.116,14.2845,59.41,80,0,7.58,clear sky
518,Ivybridge,GB,2022-05-12 06:02:21,50.3904,-3.9191,49.55,95,68,7.18,broken clouds
519,Virginia Beach,US,2022-05-12 06:05:41,36.8529,-75.978,59.0,94,100,16.11,light intensity drizzle
520,Turukhansk,RU,2022-05-12 06:06:48,65.8167,87.9833,37.69,100,100,5.66,overcast clouds
521,Bratsk,RU,2022-05-12 06:06:49,56.1325,101.6142,63.09,39,31,1.88,scattered clouds
522,Kouvola,FI,2022-05-12 06:03:10,60.8667,26.7,47.23,90,75,10.36,broken clouds
523,Xining,CN,2022-05-12 06:06:49,36.6167,101.7667,70.52,32,13,18.59,few clouds
524,Ladispoli,IT,2022-05-12 06:06:50,41.9537,12.0735,66.96,61,8,2.15,clear sky
525,Yiyang,CN,2022-05-12 06:06:51,28.5892,112.3283,64.8,87,100,6.89,overcast clouds
526,Harare,ZW,2022-05-12 06:06:51,-17.8294,31.0539,60.82,85,0,4.94,clear sky
527,Marsh Harbour,BS,2022-05-12 06:06:52,26.5412,-77.0636,72.81,70,5,6.4,clear sky
528,Rocha,UY,2022-05-12 06:06:52,-34.4833,-54.3333,53.94,71,91,5.7,overcast clouds
529,Alta Floresta,BR,2022-05-12 06:06:53,-9.8756,-56.0861,69.21,85,90,3.42,overcast clouds
530,Malanje,AO,2022-05-12 06:06:54,-9.5402,16.341,63.73,72,71,3.31,broken clouds
531,Tuy Hoa,VN,2022-05-12 06:06:54,13.0833,109.3,90.1,64,25,13.85,scattered clouds
532,Bandarbeyla,SO,2022-05-12 06:06:55,9.4942,50.8122,88.97,56,100,11.39,overcast clouds
533,Flic En Flac,MU,2022-05-12 06:06:56,-20.2742,57.3631,80.53,73,5,3.69,light rain
534,Varzea Grande,BR,2022-05-12 06:06:56,-15.6467,-56.1325,73.27,88,0,6.91,clear sky
535,Kalabo,ZM,2022-05-12 06:06:57,-14.97,22.6814,63.23,54,0,4.68,clear sky
536,Tautira,PF,2022-05-12 06:06:58,-17.7333,-149.15,81.27,78,68,18.01,light rain
537,Husavik,IS,2022-05-12 06:06:59,66.0449,-17.3389,31.95,92,100,8.84,light snow
538,Sheregesh,RU,2022-05-12 06:07:00,52.9209,87.9869,65.03,18,2,5.61,clear sky
539,San Carlos De Bariloche,AR,2022-05-12 06:07:00,-41.1456,-71.3082,43.9,96,100,4.27,overcast clouds
540,Zaraza,VE,2022-05-12 06:07:01,9.3503,-65.3245,80.96,62,76,6.89,broken clouds
541,Mandalgovi,MN,2022-05-12 06:07:02,45.7625,106.2708,43.7,26,4,26.31,clear sky
542,Bambanglipuro,ID,2022-05-12 06:07:02,-7.95,110.2833,86.38,71,100,8.19,overcast clouds
543,Yenangyaung,MM,2022-05-12 06:07:03,20.4667,94.8833,94.6,41,91,11.77,overcast clouds
544,Blackwater,AU,2022-05-12 06:02:15,-23.5833,148.8833,73.83,79,100,10.07,light rain
545,Kiunga,PG,2022-05-12 06:07:04,-6.1219,141.2906,83.97,79,93,5.28,overcast clouds
546,Praia Da Vitoria,PT,2022-05-12 06:07:05,38.7333,-27.0667,58.75,81,75,6.93,light rain
547,Burnie,AU,2022-05-12 06:07:05,-41.0667,145.9167,62.94,87,100,7.81,moderate rain
548,Leh,IN,2022-05-12 06:07:06,34.1667,77.5833,54.45,39,6,6.49,clear sky
549,Namatanai,PG,2022-05-12 06:07:07,-3.6667,152.4333,84.13,71,63,10.78,broken clouds
550,Richards Bay,ZA,2022-05-12 06:07:08,-28.783,32.0377,70.36,83,95,5.41,light rain
551,Qandala,SO,2022-05-12 06:07:08,11.472,49.8728,87.94,51,38,5.82,scattered clouds
552,Porto Nacional,BR,2022-05-12 06:07:09,-10.7081,-48.4172,71.6,70,5,1.5,clear sky
553,Rotifunk,SL,2022-05-12 06:07:10,8.2333,-12.6833,76.3,94,75,0.92,broken clouds
554,Luang Prabang,LA,2022-05-12 06:07:10,19.8856,102.1347,88.12,62,95,2.93,light rain
555,Puerto Del Rosario,ES,2022-05-12 06:07:11,28.5004,-13.8627,67.75,77,0,13.8,clear sky
556,Umea,SE,2022-05-12 06:07:12,63.8284,20.2597,40.93,100,100,3.44,overcast clouds
557,Prado,BR,2022-05-12 06:07:12,-17.3411,-39.2208,70.5,90,28,7.36,scattered clouds
558,Bereda,ES,2022-05-12 06:07:13,43.2686,-7.5406,58.41,91,100,4.61,overcast clouds
559,Kurilsk,RU,2022-05-12 06:08:14,45.2333,147.8833,51.21,82,50,8.55,scattered clouds
560,Ca Mau,VN,2022-05-12 06:03:28,9.1769,105.15,92.68,54,70,7.7,broken clouds
561,Laguna,US,2022-05-12 06:08:15,38.421,-121.4238,56.61,66,0,11.5,clear sky
562,Marsabit,KE,2022-05-12 06:08:15,2.3284,37.9899,68.36,59,42,18.34,scattered clouds
563,Kumluca,TR,2022-05-12 06:08:16,36.3703,30.2869,70.43,46,0,1.77,clear sky
564,Agua Verde,MX,2022-05-12 06:08:16,22.9,-106.05,73.49,78,19,1.95,few clouds
565,Shimoda,JP,2022-05-12 06:08:17,34.6667,138.95,68.11,78,100,6.96,light rain
566,Tabou,CI,2022-05-12 06:08:17,4.423,-7.3528,78.19,87,86,1.07,moderate rain
567,Port Hedland,AU,2022-05-12 06:08:18,-20.3167,118.5667,87.85,23,65,13.8,broken clouds
568,Balagansk,RU,2022-05-12 06:08:18,54.0103,103.0544,59.45,27,21,8.12,few clouds
569,Canon City,US,2022-05-12 06:08:19,38.441,-105.2424,69.01,18,0,3.0,clear sky
570,Sigli,ID,2022-05-12 06:08:19,5.3848,95.9609,88.38,60,82,4.9,broken clouds
571,Adrar,MR,2022-05-12 06:08:20,20.5022,-10.0711,80.85,23,29,8.52,scattered clouds
572,General Roca,AR,2022-05-12 06:08:20,-39.0333,-67.5833,48.83,76,92,6.04,light rain
573,Melfi,IT,2022-05-12 06:08:21,40.9965,15.6514,67.5,68,46,4.81,scattered clouds
574,Laramie,US,2022-05-12 06:08:21,41.3114,-105.5911,51.1,86,0,8.05,clear sky
575,East Northport,US,2022-05-12 06:08:22,40.8768,-73.3246,59.38,80,0,1.99,clear sky
576,Thinadhoo,MV,2022-05-12 06:08:22,0.5333,72.9333,82.9,78,83,14.09,broken clouds
577,Itoman,JP,2022-05-12 06:08:23,26.1247,127.6694,82.42,83,40,18.41,scattered clouds
578,Haimen,CN,2022-05-12 06:08:24,23.1935,116.6142,74.3,96,100,9.06,overcast clouds
579,Panaba,MX,2022-05-12 06:08:24,21.2833,-88.2667,71.6,80,0,7.83,clear sky
580,Skibbereen,IE,2022-05-12 06:08:25,51.55,-9.2667,50.11,85,91,10.4,overcast clouds
581,Astoria,US,2022-05-12 06:07:56,46.1879,-123.8313,47.86,90,100,10.36,light rain
582,Namtsy,RU,2022-05-12 06:08:25,62.7161,129.6658,49.12,56,64,3.85,broken clouds
583,Fort-Shevchenko,KZ,2022-05-12 06:08:26,44.5086,50.263,58.75,67,71,15.86,broken clouds
584,Alibag,IN,2022-05-12 06:08:26,18.6411,72.8792,89.67,68,96,15.35,overcast clouds
585,Whittlesea,ZA,2022-05-12 06:08:27,-32.1759,26.8244,51.42,66,3,2.46,clear sky
586,Tessalit,ML,2022-05-12 06:08:27,20.1986,1.0114,80.19,10,0,9.1,clear sky
587,Hami,CN,2022-05-12 06:08:28,42.8,93.45,76.6,11,21,6.06,few clouds
588,Khandyga,RU,2022-05-12 06:08:28,62.6667,135.6,37.89,96,11,2.82,few clouds
589,Caldwell,US,2022-05-12 06:08:29,43.6629,-116.6874,49.15,65,0,3.44,clear sky
590,Kenora,CA,2022-05-12 06:08:30,49.8167,-94.4337,50.77,87,100,8.99,overcast clouds
591,Acapulco,MX,2022-05-12 06:06:46,16.8634,-99.8901,80.42,83,75,2.3,broken clouds
592,Krasnovishersk,RU,2022-05-12 06:08:30,60.4078,57.082,51.12,56,67,10.96,broken clouds
593,El Doncello,CO,2022-05-12 06:08:31,1.6782,-75.2847,71.62,97,79,2.93,broken clouds
594,Belaya Gora,RU,2022-05-12 06:08:31,68.5333,146.4167,33.66,86,60,9.78,broken clouds
595,Payakumbuh,ID,2022-05-12 06:08:32,-0.2202,100.6308,81.37,64,91,4.63,overcast clouds
596,Kaeo,NZ,2022-05-12 06:08:32,-35.1,173.7833,55.33,82,0,5.21,clear sky
597,Youghal,IE,2022-05-12 06:08:33,51.95,-7.8506,48.09,97,56,6.42,broken clouds
598,Upington,ZA,2022-05-12 06:08:33,-28.4478,21.2561,57.63,23,0,1.83,clear sky
599,Kozhva,RU,2022-05-12 06:08:34,65.1073,57.0459,52.48,82,99,7.0,overcast clouds
600,Talnakh,RU,2022-05-12 06:08:35,69.4865,88.3972,33.21,100,100,5.84,light snow
601,Payson,US,2022-05-12 06:08:35,40.0444,-111.7321,54.88,35,63,19.57,broken clouds
602,Magadan,RU,2022-05-12 06:08:36,59.5667,150.8,49.53,77,93,6.35,overcast clouds
603,Kerema,PG,2022-05-12 06:08:36,-7.9631,145.7785,86.23,71,98,7.11,moderate rain
604,Limbang,MY,2022-05-12 06:08:36,4.75,115.0,89.71,92,100,1.54,overcast clouds
605,Campo De Criptana,ES,2022-05-12 06:09:37,39.4046,-3.1249,58.15,49,99,11.77,overcast clouds
606,Nicoya,CR,2022-05-12 06:09:38,10.1483,-85.452,79.09,80,51,3.78,broken clouds
607,Katobu,ID,2022-05-12 06:09:38,-4.9408,122.5276,84.72,76,84,1.79,broken clouds
608,Camana,PE,2022-05-12 06:09:39,-16.6228,-72.7111,64.83,82,8,7.23,clear sky
609,Tazovskiy,RU,2022-05-12 06:09:39,67.4667,78.7,33.91,99,88,7.4,overcast clouds
610,Westport,US,2022-05-12 06:06:35,41.1415,-73.3579,60.28,85,0,5.75,clear sky
611,Najran,SA,2022-05-12 06:09:40,17.4924,44.1277,86.09,15,0,8.57,clear sky
612,Dafeng,CN,2022-05-12 06:09:40,23.4517,108.5881,72.9,87,100,5.84,overcast clouds
613,Ivdel,RU,2022-05-12 06:09:41,60.6911,60.4206,50.04,73,100,7.49,overcast clouds
614,Unidad,PH,2022-05-12 06:09:41,8.535,126.2306,86.22,67,99,6.87,overcast clouds
615,Tucupita,VE,2022-05-12 06:09:42,9.0622,-62.051,71.35,93,9,3.2,clear sky
616,Socorro,US,2022-05-12 06:09:42,31.6546,-106.3033,85.21,10,20,18.41,few clouds
617,Charcas,MX,2022-05-12 06:09:43,23.1333,-101.1167,61.81,77,25,7.78,scattered clouds
618,Koulikoro,ML,2022-05-12 06:09:43,14.0,-7.75,75.94,9,32,2.44,scattered clouds
619,College,US,2022-05-12 06:06:56,64.8569,-147.8028,46.38,50,75,6.91,broken clouds
620,Kilindoni,TZ,2022-05-12 06:09:44,-7.9139,39.6668,80.31,74,24,15.52,few clouds
621,Kant,IN,2022-05-12 06:09:45,27.8,79.8,105.93,20,0,2.24,clear sky
622,Qinhuangdao,CN,2022-05-12 06:09:45,39.9317,119.5883,59.32,41,100,6.93,overcast clouds
623,Pontarlier,FR,2022-05-12 06:09:46,46.8333,6.25,57.34,62,50,5.26,scattered clouds
624,Dongsheng,CN,2022-05-12 06:09:46,39.8161,109.9776,48.33,23,100,9.82,overcast clouds
625,Elizabeth City,US,2022-05-12 06:09:44,36.2946,-76.2511,57.02,97,100,12.66,mist
626,Iberia,US,2022-05-12 06:09:47,29.9502,-91.7507,73.47,83,0,0.0,clear sky
627,Labuhan,ID,2022-05-12 06:09:48,-6.8844,112.2051,86.88,65,100,3.31,overcast clouds
628,Gazimurskiy Zavod,RU,2022-05-12 06:09:48,51.5461,118.3266,42.15,45,100,7.61,overcast clouds
629,Vinukonda,IN,2022-05-12 06:08:10,16.05,79.75,82.11,82,100,9.24,overcast clouds
630,Bridgetown,BB,2022-05-12 06:09:49,13.1,-59.6167,79.29,78,40,18.41,scattered clouds
631,Poso,ID,2022-05-12 06:09:49,-1.3959,120.7524,86.95,71,94,5.66,overcast clouds
632,Roebourne,AU,2022-05-12 06:09:50,-20.7833,117.1333,82.4,38,48,14.2,scattered clouds
633,Sao Sebastiao,BR,2022-05-12 06:09:09,-23.76,-45.4097,69.48,93,83,7.18,light rain
634,Tongliao,CN,2022-05-12 06:09:51,43.6125,122.2653,61.59,16,41,9.86,scattered clouds
635,Ures,MX,2022-05-12 06:09:51,29.4333,-110.4,73.35,20,48,3.09,scattered clouds
636,Karasjok,NO,2022-05-12 06:09:52,69.4719,25.5112,35.53,100,100,5.53,overcast clouds
637,Baoding,CN,2022-05-12 06:09:52,38.8511,115.4903,66.34,45,99,6.26,overcast clouds
638,Vila Do Maio,CV,2022-05-12 06:09:53,15.1333,-23.2167,71.04,88,16,18.37,few clouds
639,Korla,CN,2022-05-12 06:09:54,41.7597,86.1469,76.59,18,70,25.81,broken clouds
640,Ziro,IN,2022-05-12 06:09:54,27.6333,93.8333,67.15,75,85,3.24,overcast clouds
641,Naantali,FI,2022-05-12 06:09:55,60.4674,22.0243,50.07,87,100,8.05,overcast clouds
642,Quelimane,MZ,2022-05-12 06:09:55,-17.8786,36.8883,72.36,78,0,2.66,clear sky
643,Rocky Mountain House,CA,2022-05-12 06:09:56,52.3668,-114.9188,39.65,81,90,3.58,overcast clouds
644,Manaquiri,BR,2022-05-12 06:09:57,-3.3167,-60.35,81.05,90,93,1.97,overcast clouds
645,Moryakovskiy Zaton,RU,2022-05-12 06:09:57,56.6956,84.6467,68.86,20,88,8.21,overcast clouds
646,Miri,MY,2022-05-12 06:09:58,4.4148,114.0089,86.18,70,100,5.73,overcast clouds
647,Domodossola,IT,2022-05-12 06:09:58,46.1165,8.2931,68.41,80,45,1.99,scattered clouds
648,Ugoofaaru,MV,2022-05-12 06:09:59,5.6667,73.0,83.34,79,64,16.87,broken clouds
649,Leshukonskoye,RU,2022-05-12 06:09:59,64.8989,45.7622,52.54,81,100,6.4,overcast clouds
650,Cururupu,BR,2022-05-12 06:10:00,-1.8283,-44.8683,72.73,99,87,2.37,overcast clouds
651,Santa Maria,BR,2022-05-12 06:09:03,-29.6842,-53.8069,50.29,95,1,1.07,clear sky
652,Moree,AU,2022-05-12 06:11:01,-29.4667,149.85,66.22,88,100,5.75,light rain
653,Aykhal,RU,2022-05-12 06:11:02,66.0,111.5,36.84,100,100,21.21,moderate rain
654,Tahe,CN,2022-05-12 06:11:02,52.3333,124.7333,52.14,26,63,5.3,broken clouds
655,Tiznit,MA,2022-05-12 06:11:03,29.5833,-9.5,68.07,59,85,3.98,light rain
656,Ust-Uda,RU,2022-05-12 06:11:04,54.1742,103.0304,61.25,26,21,7.2,few clouds
657,Sao Joao Dos Patos,BR,2022-05-12 06:11:04,-6.495,-43.7022,72.79,84,96,2.1,overcast clouds
658,Kibala,TD,2022-05-12 06:11:05,9.1104,18.3463,83.73,53,100,8.79,overcast clouds
659,Coolum Beach,AU,2022-05-12 06:11:06,-26.5333,153.1,74.1,95,100,14.34,light rain
660,Reyes,BO,2022-05-12 06:11:06,-14.3167,-67.3833,68.76,99,100,2.73,overcast clouds
661,Payo,ID,2022-05-12 06:11:07,-3.7508,103.6372,92.32,58,100,0.45,overcast clouds
662,Barabinsk,RU,2022-05-12 06:11:08,55.3571,78.357,68.63,19,52,5.75,broken clouds
663,Rudbar,AF,2022-05-12 06:11:08,30.15,62.6,94.21,8,0,5.64,clear sky
664,Kalat,PK,2022-05-12 06:11:09,29.0225,66.5916,81.23,9,0,17.45,clear sky
665,Dwarka,IN,2022-05-12 06:11:10,22.2394,68.9678,88.23,61,6,16.89,clear sky
666,Rosarito,MX,2022-05-12 06:10:12,32.3333,-117.0333,59.97,50,0,10.36,clear sky
667,Falesti,MD,2022-05-12 06:11:10,47.5736,27.7092,66.47,58,44,7.65,scattered clouds
668,Aswan,EG,2022-05-12 06:11:11,24.0934,32.907,88.84,15,1,15.95,clear sky
669,Tual,ID,2022-05-12 06:07:28,-5.6667,132.75,84.13,74,100,5.82,overcast clouds
670,Hettstedt,DE,2022-05-12 06:11:12,51.65,11.5,59.95,81,47,13.2,scattered clouds
671,Halifax,CA,2022-05-12 06:09:04,44.6453,-63.5724,49.69,96,94,1.99,overcast clouds
672,San Patricio,US,2022-05-12 06:11:12,28.017,-97.5169,80.46,90,30,8.14,scattered clouds
673,Kriel,ZA,2022-05-12 06:11:13,-26.2739,29.2253,49.8,50,37,2.28,scattered clouds
674,Christchurch,NZ,2022-05-12 06:10:59,-43.5333,172.6333,53.94,74,30,3.44,scattered clouds
675,Bayir,TR,2022-05-12 06:11:14,37.2687,28.2167,55.92,53,0,3.76,clear sky
676,Tehachapi,US,2022-05-12 06:11:14,35.1322,-118.449,48.4,49,7,7.0,clear sky
677,Cordoba,AR,2022-05-12 06:08:57,-31.4135,-64.1811,59.76,78,0,6.91,clear sky
678,Mackay,AU,2022-05-12 06:11:15,-21.15,149.2,77.68,84,98,6.71,moderate rain
679,Ryotsu,JP,2022-05-12 06:11:15,38.0833,138.4333,67.46,64,100,4.99,overcast clouds
680,Akyab,MM,2022-05-12 06:11:16,20.15,92.9,81.79,74,100,1.72,light rain
681,Rincon,US,2022-05-12 06:11:16,32.296,-81.2354,66.85,82,0,3.44,clear sky
682,Kulhudhuffushi,MV,2022-05-12 06:11:17,6.6221,73.07,83.79,77,55,16.28,broken clouds
683,Ostrovnoy,RU,2022-05-12 06:11:17,68.0531,39.5131,43.0,90,70,18.5,broken clouds
684,Hammerfest,NO,2022-05-12 06:11:18,70.6634,23.6821,34.25,100,100,0.0,light rain and snow
685,Karymskoye,RU,2022-05-12 06:11:19,51.6167,114.35,44.44,70,100,11.54,overcast clouds
686,Da Nang,VN,2022-05-12 06:11:19,16.0678,108.2208,93.18,55,20,8.05,few clouds
687,Kathu,TH,2022-05-12 06:11:20,7.9178,98.3332,86.7,99,97,17.45,light rain
688,Bardiyah,LY,2022-05-12 06:11:20,31.7561,25.0865,66.45,69,100,10.85,overcast clouds
689,Teya,RU,2022-05-12 06:11:21,60.3778,92.6267,56.26,48,58,5.99,broken clouds
690,Port Alberni,CA,2022-05-12 06:10:22,49.2413,-124.8028,46.11,92,100,1.99,overcast clouds
691,Bitung,ID,2022-05-12 06:08:08,1.4451,125.1824,88.65,78,96,2.33,overcast clouds
692,Trairi,BR,2022-05-12 06:11:22,-3.2778,-39.2689,74.73,95,98,6.69,overcast clouds
693,Tungor,RU,2022-05-12 06:11:22,53.3808,142.9564,36.16,90,99,13.47,overcast clouds
694,Hambantota,LK,2022-05-12 06:11:23,6.1241,81.1185,85.3,71,79,21.34,broken clouds
695,Daloa,CI,2022-05-12 06:12:24,6.8774,-6.4502,72.57,99,100,2.62,overcast clouds
696,Nouadhibou,MR,2022-05-12 06:12:24,20.931,-17.0347,65.95,84,10,16.8,clear sky
697,Marystown,CA,2022-05-12 06:07:46,47.1666,-55.1483,46.85,100,100,7.02,overcast clouds
698,Forestville,US,2022-05-12 06:12:25,38.8451,-76.875,58.86,89,0,0.0,clear sky
699,Oranjemund,NA,2022-05-12 06:12:25,-28.55,16.4333,54.23,94,6,4.74,clear sky
700,Chhatak,BD,2022-05-12 06:12:26,25.0333,91.6667,84.31,74,83,5.19,broken clouds
701,Khorramabad,IR,2022-05-12 06:12:26,33.4878,48.3558,69.4,21,3,4.65,clear sky
